time,postureX,postureY,postureTheta
1789986187389,-0.31,-0.357,1.039
1789986188447,-0.31,-0.358,1.039
1789986487389,-0.322,-0.39,1.039
1789986787389,-0.286,-0.363,1.039
1789987087389,-0.314,-0.41,1.039
1789987387389,-0.305,-0.44,1.039
1789987687389,-0.273,-0.371,1.039
1789987952922,-0.24,-0.25,1.039
1789987955274,-0.366,-0.457,1.038
1789987957274,-0.545,-0.721,1.022
1789987959279,-0.576,-0.771,1.018
1789987961277,-0.575,-0.781,1.017
1789987963296,-0.671,-0.974,1.44
1789987965278,-0.666,-1.004,1.666
1789987967309,-0.887,-0.428,1.962
1789987977273,-1.198,0.648,2.575
1789987979275,-1.617,1.091,2.374
1789987985274,-2.107,0.151,-1.531
1789987987275,-2.043,-0.596,-1.428
1789987989275,-1.915,-1.365,-1.356
1789987983276,-2.172,0.852,-1.646
1789987981274,-1.96,1.273,-2.941
1789987991274,-1.789,-2.119,-1.528
1789987993275,-1.841,-2.85,-1.716
1789987995274,-2.023,-3.732,-1.867
1789987997279,-2.385,-4.614,-2.022
1789987999274,-2.808,-5.496,-1.979
1789988001274,-3.218,-6.397,-2.018
1789988003275,-3.634,-7.244,-2.099
1789988005274,-4.207,-7.99,-2.335
1789988007275,-4.867,-8.557,-2.581
1789988009275,-5.577,-8.95,-2.622
1789988011273,-6.373,-9.423,-2.678
1789988013275,-7.242,-9.804,-2.803
1789988015274,-7.838,-9.813,2.702
1789988017276,-8.48,-9.497,2.765
1789988019275,-9.25,-9.342,-3.079
1789988021274,-10.018,-9.525,-2.835
1789988023276,-10.706,-9.764,-2.856
1789988025273,-11.232,-9.916,-2.875
1789988027284,-11.871,-10.118,-2.816
1789988029274,-12.523,-10.372,-2.616
1789988031274,-13.035,-10.679,-2.569
1789988033278,-13.563,-10.978,-2.583
1789988035274,-14.097,-11.244,-2.81
1789988037274,-14.55,-11.206,2.832
1789988039279,-15.137,-11.067,3.078
1789988041277,-15.715,-11.118,-3.032
1789988043276,-16.292,-11.109,2.948
1789988045274,-16.876,-10.904,2.718
1789988047273,-17.611,-10.632,2.992
1789988049274,-18.383,-10.711,-2.808
1789988051275,-19.085,-11.049,-2.691
1789988053277,-19.772,-11.395,-2.568
1789988055274,-20.349,-11.896,-2.306
1789988057273,-20.841,-12.499,-2.282
1789988059274,-21.314,-13.153,-1.969
1789988061281,-21.25,-13.895,-1.205
1789988063277,-20.917,-14.596,-1.111
1789988065275,-20.614,-15.273,-1.274
1789988067274,-20.468,-15.989,-1.45
1789988069275,-20.456,-16.603,-1.596
1789988071274,-20.499,-17.334,-1.553
1789988073287,-20.48,-17.907,-1.607
1789988075275,-20.669,-18.457,-2.226
1789988077274,-21.069,-18.983,-1.971
1789988079274,-21.042,-19.347,-0.961
1789988081274,-21.202,-19.197,-0.568
1789988083275,-20.982,-19.361,-0.65
1789988085275,-20.477,-19.688,-0.429
1789988087274,-19.96,-19.792,-0.24
1789988089274,-19.435,-19.976,-0.432
1789988091273,-18.926,-20.234,-0.578
1789988093279,-18.481,-20.572,-0.582
1789988095275,-17.93,-20.874,-0.435
1789988097276,-17.436,-21.1,-0.546
1789988099274,-16.996,-21.434,-0.657
1789988101289,-16.575,-21.815,-0.744
1789988103276,-16.155,-22.174,-0.747
1789988105276,-15.788,-22.606,-1.02
1789988107274,-15.494,-23.253,-1.255
1789988109274,-15.331,-23.781,-0.785
1789988111276,-14.874,-24.099,-0.686
1789988113276,-14.486,-24.537,-1.07
1789988115275,-14.438,-25.098,-1.823
1789988117274,-14.531,-25.743,-1.356
1789988119273,-14.357,-26.282,-1.235
1789988121274,-14.31,-26.848,-1.72
1789988123276,-14.497,-27.371,-2.108
1789988125275,-14.886,-27.634,-2.72
1789988127274,-14.894,-27.603,-2.495
1789988129274,-14.954,-27.645,-2.426
1789988131274,-15.4,-28.044,-2.307
1789988133278,-15.891,-28.644,-2.207
1789988135274,-16.32,-29.23,-2.279
1789988137275,-16.815,-29.796,-2.265
1789988139274,-17.28,-30.327,-2.313
1789988141275,-17.747,-30.87,-2.303
1789988143277,-18.2,-31.381,-2.23
1789988145274,-18.612,-31.92,-2.282
1789988147274,-19.033,-32.417,-2.28
1789988149309,-19.562,-32.994,-2.257
1789988151274,-19.982,-33.623,-1.929
1789988153278,-19.968,-34.167,-0.899
1789988155275,-19.366,-34.393,0.098
1789988157274,-19.092,-34.28,0.499
1789988159274,-18.583,-33.896,0.781
1789988161274,-18.397,-33.492,1.515
1789988163280,-18.39,-33.301,1.548
1789988165281,-18.362,-32.752,1.442
1789988167275,-18.089,-32.245,0.613
1789988169285,-17.586,-32.033,0.313
1789988171287,-17.018,-31.848,0.509
1789988173277,-16.752,-31.67,0.807
1789988175278,-16.819,-31.762,0.967
1789988177274,-16.472,-31.268,0.909
1789988179277,-16.133,-30.787,0.912
1789988181295,-15.765,-30.266,1.035
1789988183300,-15.464,-29.762,0.976
1789988185288,-15.267,-29.522,0.784
1789988187274,-14.802,-28.998,0.979
1789988189275,-14.545,-28.566,1.062
1789988191273,-14.242,-28.107,0.876
1789988193275,-13.885,-27.601,1.195
1789988195275,-13.71,-26.936,1.394
1789988197290,-13.648,-26.398,1.371
1789988199273,-13.507,-25.833,1.324
1789988201295,-13.284,-25.128,1.382
1789988203275,-13.161,-24.333,1.322
1789988205275,-12.852,-23.627,1.076
1789988207279,-12.477,-22.94,1.125
1789988209274,-12.102,-22.246,0.722
1789988211280,-11.546,-21.999,0.257
1789988213277,-11.032,-21.832,0.321
1789988215276,-10.676,-21.801,-0.247
1789988217278,-10.192,-21.776,0.665
1789988219273,-9.998,-21.297,1.587
1789988221274,-10.256,-20.605,2.029
1789988223283,-10.233,-19.994,1.021
1789988225274,-9.752,-19.422,0.812
1789988227274,-9.248,-18.857,0.869
1789988229274,-8.706,-18.315,0.58
1789988231274,-8.015,-17.954,0.466
1789988233274,-7.32,-17.66,0.402
1789988235273,-6.593,-17.306,0.589
1789988237274,-6.093,-16.89,0.788
1789988239275,-5.63,-16.308,0.97
1789988241275,-5.269,-15.795,0.945
1789988243275,-4.934,-15.332,0.936
1789988245276,-4.593,-14.857,0.94
1789988247273,-4.255,-14.373,0.945
1789988249274,-3.915,-13.917,0.953
1789988251279,-3.57,-13.434,0.934
1789988253279,-3.237,-12.98,0.929
1789988255274,-2.889,-12.511,0.975
1789988257273,-2.564,-12.03,0.928
1789988259273,-2.232,-11.585,0.94
1789988261276,-1.893,-11.116,0.933
1789988263276,-1.543,-10.627,0.971
1789988265274,-1.21,-10.152,0.932
1789988267274,-0.887,-9.65,1.007
1789988269273,-0.553,-9.185,0.924
1789988271277,-0.19,-8.752,0.877
1789988273281,0.213,-8.319,0.883
1789988275284,0.554,-7.841,0.972
1789988277274,0.857,-7.376,0.932
1789988279274,1.183,-6.969,0.906
1789988281274,1.454,-6.577,0.953
1789988283276,1.771,-6.124,0.924
1789988285273,2.139,-5.663,0.889
1789988287273,2.509,-5.206,0.915
1789988289275,2.866,-4.741,0.903
1789988291274,3.23,-4.299,0.855
1789988293279,3.609,-3.85,0.843
1789988295276,4.018,-3.405,0.925
1789988297281,4.189,-2.691,1.932
1789988299274,3.806,-2.302,2.752
1789988301276,3.097,-1.992,2.687
1789988303275,2.423,-1.624,2.594
1789988305275,1.754,-1.193,2.6
1789988307274,1.046,-0.852,2.825
1789988309274,0.428,-0.716,2.945
1789988311273,-0.119,-0.565,2.742
1789988313276,-0.619,-0.323,2.611
1789988315274,-0.969,0.02,1.887
1789988317273,-1.152,0.532,2.072
1789988319273,-1.61,1.086,2.501
1789988321274,-2.043,1.239,-2.626
1789988323277,-2.162,0.696,-1.578
1789988325273,-2.152,0.427,-1.303
1789988327274,-1.889,-0.068,-1.002
1789988329296,-1.711,-0.515,-1.247
1789988331274,-1.541,-1.424,-1.398
1789988333276,-1.44,-2.382,-1.55
1789988335276,-1.566,-3.376,-1.77
1789988337277,-1.858,-4.307,-2.009
1789988339274,-2.273,-5.179,-1.996
1789988341283,-2.688,-6.084,-2.015
1789988343278,-3.087,-6.939,-2.012
1789988345286,-3.568,-7.812,-2.237
1789988347274,-4.237,-8.476,-2.452
1789988349282,-5.051,-9.055,-2.6
1789988351273,-5.902,-9.525,-2.64
1789988353283,-6.717,-9.998,-2.657
1789988355275,-7.554,-10.264,3.096
1789988357275,-8.171,-10.033,2.638
1789988359273,-8.916,-9.749,2.976
1789988361276,-9.721,-9.781,-2.883
1789988363278,-10.509,-10.048,-2.836
1789988365275,-11.283,-10.27,-2.909
1789988367274,-12.041,-10.504,-2.705
1789988369275,-12.739,-10.889,-2.586
1789988371274,-13.488,-11.305,-2.755
1789988373277,-14.243,-11.461,-3.121
1789988375274,-14.997,-11.398,3.076
1789988377274,-15.831,-11.453,-3.034
1789988379273,-16.603,-11.369,2.833
1789988381274,-17.39,-11.073,2.855
1789988383275,-18.148,-11.019,-2.94
1789988385274,-18.978,-11.364,-2.679
1789988387274,-19.676,-11.745,-2.501
1789988389274,-20.308,-12.403,-2.271
1789988391291,-20.835,-13.065,-2.24
1789988393277,-21.027,-13.429,-1.577
1789988395275,-20.753,-14.093,-1.121
1789988397274,-20.365,-14.943,-1.215
1789988399288,-20.128,-15.906,-1.408
1789988401288,-20.079,-16.601,-1.592
1789988403277,-20.203,-17.521,-1.748
1789988405283,-20.417,-18.411,-1.949
1789988407274,-20.662,-19.098,-1.479
1789988409274,-20.385,-19.444,-0.374
1789988411273,-19.684,-19.643,-0.254
1789988413281,-18.962,-19.856,-0.507
1789988415273,-18.326,-20.273,-0.623
1789988417276,-17.74,-20.726,-0.625
1789988419308,-17.136,-21.085,-0.566
1789988421274,-16.528,-21.544,-0.625
1789988423277,-15.915,-21.971,-0.711
1789988425273,-15.436,-22.517,-1.022
1789988427275,-15.125,-23.265,-1.182
1789988429274,-14.711,-23.894,-0.766
1789988431273,-14.219,-24.386,-1.015
1789988433278,-14.113,-25.115,-1.68
1789988435277,-14.167,-25.881,-1.496
1789988437273,-14.118,-26.607,-1.562
1789988439274,-14.194,-27.258,-1.775
1789988441277,-14.42,-27.768,-2.357
1789988443283,-14.946,-28.171,-2.478
1789988445274,-15.453,-28.665,-2.251
1789988447275,-16.006,-29.392,-2.246
1789988449279,-16.596,-30.13,-2.277
1789988451275,-17.203,-30.792,-2.302
1789988453277,-17.738,-31.383,-2.258
1789988455277,-18.213,-31.975,-2.28
1789988457273,-18.736,-32.581,-2.267
1789988459298,-19.286,-33.258,-2.271
1789988461276,-19.653,-33.763,-1.776
1789988463283,-19.405,-34.079,-0.284
1789988465278,-18.807,-33.76,0.924
1789988467273,-18.575,-33.088,1.336
1789988469292,-18.391,-32.522,1.172
1789988471283,-18.058,-32.059,0.695
1789988473277,-17.453,-31.714,0.503
1789988475275,-16.828,-31.243,0.828
1789988477274,-16.363,-30.587,0.98
1789988479274,-15.925,-29.992,0.95
1789988481280,-15.484,-29.371,0.957
1789988483278,-14.994,-28.724,0.96
1789988485276,-14.557,-28.064,0.979
1789988487275,-14.208,-27.395,1.226
1789988489286,-14.015,-26.687,1.363
1789988491276,-13.839,-25.916,1.363
1789988493277,-13.663,-25.05,1.383
1789988495273,-13.44,-24.101,1.252
1789988497273,-13.067,-23.231,1.066
1789988499274,-12.625,-22.437,1.058
1789988501278,-11.994,-21.701,0.36
1789988503277,-11.117,-21.627,-0.045
1789988505278,-10.469,-21.577,0.627
1789988507274,-10.404,-20.986,2.042
1789988509284,-10.804,-20.579,2.266
1789988511297,-10.86,-20.157,1.014
1789988513277,-10.275,-19.517,0.792
1789988515274,-9.628,-18.778,0.851
1789988517275,-8.92,-18.111,0.668
1789988519275,-8.13,-17.611,0.512
1789988521274,-7.332,-17.265,0.379
1789988523280,-6.612,-16.907,0.658
1789988525274,-6.056,-16.334,0.928
1789988527274,-5.617,-15.698,0.99
1789988529275,-5.173,-15.058,0.932
1789988531274,-4.728,-14.441,0.942
1789988533307,-4.276,-13.84,0.946
1789988535276,-3.838,-13.203,0.957
1789988537277,-3.368,-12.592,0.926
1789988539284,-2.931,-11.954,0.959
1789988541273,-2.471,-11.332,0.962
1789988543277,-2.062,-10.707,0.941
1789988545295,-1.587,-10.075,0.904
1789988547274,-1.136,-9.486,0.913
1789988549275,-0.663,-8.87,0.912
1789988551278,-0.161,-8.249,0.938
1789988553275,0.313,-7.622,0.961
1789988555277,0.765,-7.001,0.944
1789988557274,1.186,-6.388,0.927
1789988559274,1.651,-5.8,0.89
1789988561274,2.135,-5.175,0.94
1789988563280,2.603,-4.557,0.883
1789988565275,3.122,-3.973,0.868
1789988567274,3.615,-3.396,0.891
1789988569280,3.836,-2.841,1.86
1789988571284,3.329,-2.448,2.747
1789988573275,2.433,-2.051,2.604
1789988575274,1.638,-1.539,2.57
1789988577276,0.968,-1.128,2.632
1789988579274,0.391,-0.825,2.672
1789988581274,-0.12,-0.565,2.584
1789988583280,-0.311,-0.451,2.695
1789988585274,-0.562,-0.319,2.661
1789988587277,-0.731,-0.234,2.479
1789988589274,-0.919,-0.051,2.352
1789988591276,-1.437,0.424,2.435
1789988593278,-1.718,0.725,2.459
1789988595274,-1.48,0.656,-3.069
1789988597317,-1.631,0.628,-2.642
1789988599275,-1.77,0.074,-1.429
1789988601274,-1.667,-0.735,-1.425
1789988603279,-1.487,-1.652,-1.348
1789988605276,-1.417,-2.409,-1.604
1789988607279,-1.376,-2.749,-1.366
1789988609275,-1.291,-3.251,-1.424
1789988611276,-1.421,-4.211,-1.956
1789988613277,-1.834,-5.065,-2.011
1789988615276,-2.252,-5.975,-1.988
1789988617274,-2.651,-6.879,-2.01
1789988619275,-3.117,-7.758,-2.176
1789988621276,-3.693,-8.475,-2.363
1789988623275,-4.487,-9.111,-2.562
1789988625274,-5.295,-9.582,-2.627
1789988627275,-6.181,-10.113,-2.609
1789988629274,-7.015,-10.514,-2.822
1789988631274,-7.868,-10.576,2.782
1789988633275,-8.598,-10.186,2.686
1789988635273,-9.455,-10.093,-2.958
1789988637273,-10.326,-10.342,-2.828
1789988639273,-11.137,-10.596,-2.875
1789988641276,-11.943,-10.931,-2.732
1789988643276,-12.87,-11.327,-2.654
1789988645277,-13.712,-11.723,-2.691
1789988647274,-14.643,-11.794,3.057
1789988649278,-15.607,-11.801,-3.002
1789988651274,-16.555,-11.793,2.85
1789988653278,-17.448,-11.413,2.788
1789988655274,-18.306,-11.434,-2.774
1789988657276,-19.167,-11.858,-2.621
1789988659273,-19.914,-12.463,-2.32
1789988661274,-20.491,-13.226,-2.038
1789988663277,-20.445,-13.927,-1.178
1789988665274,-20.055,-14.77,-1.192
1789988667274,-19.808,-15.666,-1.418
1789988669276,-19.745,-16.568,-1.575
1789988671274,-19.811,-17.481,-1.697
1789988673289,-20.04,-18.379,-1.909
1789988675275,-20.231,-18.918,-1.814
1789988677273,-20.229,-18.816,-1.527
1789988679277,-20.072,-19.119,-0.571
1789988681274,-19.315,-19.356,-0.292
1789988683276,-18.478,-19.722,-0.586
1789988685279,-17.748,-20.262,-0.616
1789988687275,-16.96,-20.832,-0.578
1789988689274,-16.233,-21.293,-0.645
1789988691279,-15.562,-21.827,-0.783
1789988693281,-15.055,-22.529,-1.082
1789988695274,-14.724,-23.23,-1.07
1789988697276,-14.174,-23.92,-0.808
1789988699280,-13.943,-24.162,-0.542
1789988701280,-13.932,-24.174,-0.474
1789988703284,-14.122,-24.134,0.131
1789988705274,-13.923,-24.043,0.664
1789988707274,-13.501,-23.347,1.081
1789988709274,-13.029,-22.518,1.091
1789988711331,-12.569,-21.688,0.889
1789988713276,-11.782,-21.296,0.046
1789988715274,-10.884,-21.3,0.023
1789988717277,-10.65,-21.294,0.209
1789988719274,-10.842,-21.395,0.827
1789988721273,-10.848,-21.443,1.02
1789988723275,-10.872,-20.969,2.251
1789988725275,-11.299,-20.568,2.12
1789988727274,-11.246,-20.122,0.962
1789988729273,-10.589,-19.391,0.865
1789988731275,-9.991,-18.661,0.861
1789988733276,-9.318,-17.925,0.71
1789988735286,-8.542,-17.408,0.443
1789988737275,-7.655,-17.032,0.432
1789988739279,-6.861,-16.62,0.612
1789988741275,-6.244,-15.964,0.939
1789988743280,-5.702,-15.21,0.948
1789988745274,-5.129,-14.414,0.944
1789988747277,-4.559,-13.606,0.939
1789988749274,-3.973,-12.804,0.948
1789988751276,-3.393,-12.017,0.945
1789988753276,-2.844,-11.287,0.96
1789988755276,-2.288,-10.469,0.96
1789988757274,-1.75,-9.687,0.919
1789988759274,-1.133,-8.917,0.91
1789988761275,-0.556,-8.161,0.927
1789988763275,0.022,-7.403,0.914
1789988765274,0.587,-6.65,0.939
1789988767274,1.127,-5.878,0.908
1789988769287,1.686,-5.172,0.883
1789988771277,2.235,-4.462,0.913
1789988773288,2.878,-3.713,0.863
1789988775302,3.328,-3.08,1.513
1789988777276,3.091,-2.705,2.666
1789988779278,2.298,-2.384,2.623
1789988781281,1.487,-1.876,2.558
1789988783288,0.774,-1.389,2.603
1789988785274,0.104,-1.007,2.585
1789988787287,-0.576,-0.598,2.594
1789988789274,-1.186,-0.198,2.585
1789988791283,-1.105,-0.215,2.939
1789988793277,-1.004,-0.192,-2.963
1789988795275,-1.037,-0.191,-2.891
1789988797274,-1.041,-0.193,-2.895
1789988799275,-0.916,-0.176,-2.998
1789988801275,-0.901,-0.18,-3.028
1789988803283,-1.129,-0.215,-2.874
1789988805296,-1.291,-0.294,-2.494
1789988807295,-1.322,-0.32,-1.965
1789988809294,-1.313,-0.304,-1.851
1789988811276,-1.305,-0.303,-1.856
1789988813282,-1.317,-0.347,-1.906
1789988815282,-1.492,-0.622,-2.529
1789988817274,-1.513,-0.641,-2.628
1789988819273,-1.411,-0.588,-2.461
1789988821278,-1.303,-0.431,-1.891
1789988823275,-1.265,-0.759,-1.024
1789988825273,-0.902,-0.964,0.08
1789988827277,-0.285,-0.86,0.135
1789988829277,-0.118,-0.823,-0.056
1789988831273,-0.402,-0.684,-0.951
1789988833281,-0.443,-0.375,-1.809
1789988835274,-0.435,-0.354,-2.039
1789988837277,-0.84,-0.677,-2.565
1789988839291,-1.184,-1.191,-1.659
1789988841273,-1.093,-1.967,-1.477
1789988843275,-1.12,-2.932,-1.714
1789988845275,-1.333,-3.919,-1.868
1789988847273,-1.699,-4.809,-2.045
1789988849280,-2.018,-5.434,-1.991
1789988851276,-2.151,-5.728,-2.001
1789988853274,-2.569,-6.65,-1.978
1789988855273,-2.973,-7.507,-2.161
1789988857277,-3.671,-8.17,-2.62
1789988859273,-4.491,-8.54,-2.736
1789988861275,-5.308,-8.936,-2.633
1789988863280,-6.029,-9.522,-2.193
1789988865273,-6.495,-10.384,-2.018
1789988867274,-6.933,-11.249,-2.054
1789988869277,-7.421,-12.147,-2.049
1789988871276,-7.844,-12.992,-2.047
1789988873278,-8.302,-13.858,-2.064
1789988875278,-8.77,-14.731,-2.067
1789988877274,-9.253,-15.625,-2.016
1789988879274,-9.678,-16.46,-2.05
1789988881276,-10.119,-17.338,-2.075
1789988883275,-10.564,-18.207,-1.993
1789988885274,-10.97,-19.11,-1.997
1789988887278,-11.349,-19.987,-1.995
1789988889274,-11.637,-20.629,-2.002
1789988891274,-11.542,-20.443,-2.327
1789988893274,-11.591,-20.467,-2.599
1789988895274,-11.799,-20.555,-2.862
1789988897275,-12.214,-20.545,2.821
1789988899275,-12.813,-19.914,1.718
1789988901293,-12.443,-19.465,0.308
1789988903274,-11.762,-19.645,-0.993
1789988905278,-11.735,-20.495,-1.83
1789988907275,-11.737,-20.501,-1.838
1789988909308,-11.698,-20.26,-1.546
1789988911276,-11.752,-20.074,-1.062
1789988913282,-11.546,-20.561,-1.176
1789988915274,-11.362,-21.378,-1.737
1789988917275,-11.669,-21.784,-2.776
1789988919273,-12.289,-21.913,-2.832
1789988921276,-12.213,-21.839,-2.482
1789988923286,-12.128,-21.619,-1.621
1789988925275,-12.157,-21.798,-1.918
1789988927276,-12.552,-22.355,-2.302
1789988929275,-13.079,-23.048,-2.212
1789988931274,-13.555,-23.762,-2.032
1789988933277,-13.817,-24.591,-1.811
1789988935283,-14.014,-25.44,-1.781
1789988937276,-14.075,-26.153,-1.562
1789988939274,-14.144,-26.858,-1.871
1789988941274,-14.516,-27.503,-2.164
1789988943275,-15.066,-28.291,-2.182
1789988945279,-15.503,-29.003,-2.135
1789988947274,-15.86,-29.473,-2.244
1789988949274,-16.426,-30.194,-2.273
1789988951280,-17.003,-30.87,-2.299
1789988953281,-17.644,-31.508,-2.323
1789988955275,-17.885,-31.758,-2.229
1789988957279,-17.815,-31.489,-1.25
1789988959276,-17.87,-31.4,-0.899
1789988961275,-17.393,-31.479,0.411
1789988963278,-16.78,-30.98,0.833
1789988965273,-16.358,-30.301,1.009
1789988967274,-15.836,-29.565,0.863
1789988969273,-15.317,-28.966,0.972
1789988971276,-15.036,-28.531,1.125
1789988973277,-15.049,-28.8,1.946
1789988975278,-14.916,-28.942,2.571
1789988977275,-15.236,-28.902,-2.832
1789988979275,-15.846,-29.381,-2.29
1789988981275,-16.346,-30.092,-2.202
1789988983315,-16.346,-30.078,-2.2
1789988985275,-16.268,-29.878,-1.636
1789988987275,-16.416,-29.591,-0.571
1789988989276,-16.303,-29.619,-0.167
1789988991307,-15.669,-29.412,0.614
1789988993276,-15.157,-28.827,1.066
1789988995273,-14.795,-28.105,1.1
1789988997275,-14.419,-27.37,1.048
1789988999301,-14.071,-26.654,1.219
1789989001281,-13.901,-25.833,1.585
1789989003286,-14.013,-24.906,1.769
1789989005275,-14.154,-24.102,1.684
1789989007274,-14.163,-23.879,1.533
1789989009279,-14.058,-23.022,1.477
1789989011275,-13.975,-22.108,1.454
1789989013285,-13.843,-21.117,1.437
1789989015275,-13.692,-20.115,1.457
1789989017275,-13.595,-19.167,1.459
1789989019276,-13.505,-18.224,1.433
1789989021274,-13.361,-17.243,1.442
1789989023278,-13.246,-16.24,1.46
1789989025274,-13.135,-15.326,1.456
1789989027277,-13.018,-14.344,1.456
1789989029274,-12.905,-13.357,1.431
1789989031274,-12.755,-12.397,1.437
1789989033282,-12.691,-11.703,1.477
1789989035281,-12.533,-10.986,1.158
1789989037274,-12.108,-10.434,0.583
1789989039273,-11.605,-10.5,-0.895
1789989041274,-11.54,-11.138,-1.719
1789989043278,-11.689,-12.09,-1.683
1789989045277,-11.806,-13.103,-1.687
1789989047275,-11.908,-14.057,-1.704
1789989049279,-12.057,-15.047,-1.698
1789989051279,-12.156,-15.991,-1.695
1789989053275,-12.287,-16.998,-1.69
1789989055275,-12.407,-17.965,-1.678
1789989057274,-12.522,-18.929,-1.704
1789989059274,-12.643,-19.895,-1.687
1789989061273,-12.776,-20.84,-1.684
1789989063276,-12.861,-21.757,-1.699
1789989065274,-12.958,-22.56,-1.681
1789989067275,-13.04,-23.235,-1.754
1789989069277,-13.312,-23.753,-2.728
1789989071274,-13.716,-23.62,2.078
1789989073286,-13.687,-22.822,1.436
1789989075274,-13.577,-21.878,1.467
1789989077300,-13.472,-20.923,1.439
1789989079276,-13.318,-19.952,1.466
1789989081275,-13.237,-19.001,1.456
1789989083282,-13.128,-18.015,1.442
1789989085274,-12.985,-17.058,1.443
1789989087274,-12.857,-16.061,1.452
1789989089274,-12.752,-15.133,1.436
1789989091279,-12.629,-14.126,1.45
1789989093276,-12.523,-13.153,1.462
1789989095287,-12.395,-12.19,1.452
1789989097275,-12.321,-11.524,1.429
1789989099273,-12.275,-11.322,1.426
1789989101275,-12.151,-11.077,0.598
1789989103276,-11.588,-11.038,-0.03
1789989105275,-10.992,-11.012,0.093
1789989107274,-10.529,-10.955,0.058
1789989109302,-9.983,-11.01,-0.511
1789989111289,-9.69,-11.512,-1.194
1789989113284,-9.627,-11.977,-1.944
1789989115274,-10.006,-12.294,-2.847
1789989117276,-10.582,-12.284,2.909
1789989119278,-11.061,-12.014,2.109
1789989121274,-11.106,-11.493,1.317
1789989123285,-10.765,-11.074,0.511
1789989125276,-10.212,-11.024,-0.304
1789989127281,-10.066,-11.072,-0.394
1789989129275,-9.626,-11.335,-0.584
1789989131273,-9.185,-11.864,-1.518
1789989133281,-9.503,-12.273,-2.683
1789989135275,-10.247,-12.541,-2.984
1789989137281,-10.976,-12.445,2.643
1789989139274,-11.424,-11.816,1.69
1789989141274,-11.222,-11.091,0.931
1789989143287,-10.527,-10.729,0.077
1789989145274,-9.777,-10.987,-0.658
1789989147275,-9.34,-11.649,-1.085
1789989149275,-9.3,-12.136,-2.292
1789989151274,-9.451,-12.296,-2.372
1789989153274,-9.865,-12.679,-2.326
1789989155278,-10.322,-12.876,-2.984
1789989157275,-11.249,-12.717,2.546
1789989159273,-11.727,-11.953,1.747
1789989161276,-11.644,-11.071,1.083
1789989163276,-11.133,-10.541,0.557
1789989165274,-10.275,-10.38,-0.142
1789989167277,-9.487,-10.751,-0.762
1789989169275,-8.93,-11.524,-1.062
1789989171273,-8.716,-12.161,-1.889
1789989173278,-9.135,-12.482,-2.787
1789989175276,-10.023,-12.853,-2.83
1789989177274,-10.994,-12.84,2.737
1789989179287,-11.218,-12.736,2.715
1789989181279,-11.386,-12.682,-3.085
1789989183281,-11.218,-12.62,-2.533
1789989185274,-11.411,-12.912,-1.864
1789989187274,-11.554,-13.807,-1.689
1789989189281,-11.676,-14.799,-1.68
1789989191274,-11.772,-15.765,-1.691
1789989193274,-11.915,-16.761,-1.701
1789989195274,-12.037,-17.744,-1.68
1789989197274,-12.145,-18.721,-1.69
1789989199274,-12.262,-19.678,-1.678
1789989201274,-12.383,-20.616,-1.696
1789989203277,-12.445,-21.256,-1.707
1789989205279,-12.504,-21.444,-1.99
1789989207274,-12.962,-21.867,-2.517
1789989209306,-12.764,-21.778,-3.016
1789989211274,-12.806,-21.778,2.994
1789989213277,-13.126,-21.308,1.608
1789989215275,-13.024,-20.325,1.45
1789989217273,-12.922,-19.344,1.464
1789989219274,-12.809,-18.359,1.451
1789989221275,-12.685,-17.386,1.441
1789989223275,-12.567,-16.437,1.448
1789989225274,-12.442,-15.481,1.449
1789989227274,-12.345,-14.522,1.452
1789989229274,-12.199,-13.55,1.435
1789989231273,-12.09,-12.587,1.467
1789989233275,-11.97,-11.628,1.444
1789989235275,-11.79,-10.943,1.012
1789989237274,-11.315,-10.649,-0.067
1789989239274,-11.51,-10.591,-0.549
1789989241274,-11.437,-10.662,-0.894
1789989243283,-11.287,-11.296,-1.418
1789989245274,-11.193,-11.862,-1.409
1789989247274,-11.113,-12.597,-1.547
1789989249275,-11.173,-13.551,-1.677
1789989251277,-11.275,-14.515,-1.677
1789989253281,-11.377,-15.486,-1.697
1789989255277,-11.519,-16.48,-1.708
1789989257274,-11.645,-17.48,-1.678
1789989259273,-11.761,-18.443,-1.693
1789989261275,-11.886,-19.419,-1.681
1789989263280,-11.985,-20.355,-1.679
1789989265283,-12.081,-21.182,-1.604
1789989267274,-11.81,-21.801,-0.603
1789989269274,-11.311,-21.798,0.638
1789989271274,-11.012,-21.071,1.45
1789989273277,-10.77,-20.271,1.132
1789989275273,-10.712,-19.323,2.096
1789989277273,-11.326,-19.036,-2.878
1789989279276,-11.788,-19.549,-1.754
1789989281275,-11.769,-20.494,-1.47
1789989283279,-11.74,-21.237,-1.583
1789989285274,-11.727,-21.389,-1.784
1789989287275,-11.458,-21.134,-3.028
1789989289275,-11.326,-21.161,2.8
1789989291276,-11.608,-20.795,1.756
1789989293278,-11.571,-19.85,1.46
1789989295274,-11.44,-18.868,1.417
1789989297275,-11.324,-17.905,1.442
1789989299275,-11.221,-16.947,1.449
1789989301275,-11.08,-15.953,1.457
1789989303274,-10.974,-14.985,1.483
1789989305273,-10.876,-14.004,1.444
1789989307275,-10.752,-13.2,1.29
1789989309274,-10.342,-12.649,0.418
1789989311274,-9.842,-12.724,-0.932
1789989313276,-9.749,-13.568,-1.656
1789989315275,-9.872,-14.549,-1.698
1789989317273,-9.984,-15.508,-1.696
1789989319274,-10.109,-16.498,-1.688
1789989321276,-10.213,-17.482,-1.696
1789989323275,-10.367,-18.401,-1.702
1789989325302,-10.401,-18.856,-1.652
1789989327274,-10.409,-19.004,-1.362
1789989329274,-10.551,-18.78,-0.572
1789989331275,-10.924,-18.771,0.372
1789989333279,-11.09,-18.966,1.252
1789989335281,-11.059,-18.768,1.507
1789989337274,-10.978,-17.936,1.444
1789989339275,-10.857,-16.984,1.465
1789989341277,-10.752,-16.023,1.441
1789989343275,-10.608,-15.03,1.472
1789989345274,-10.518,-14.083,1.468
1789989347273,-10.412,-13.268,1.437
1789989349274,-10.37,-12.893,1.543
1789989351274,-10.329,-13.072,2.1
1789989353285,-10.016,-13.203,-3.068
1789989355274,-10.051,-13.214,-2.812
1789989357274,-10.442,-13.761,-1.872
1789989359275,-10.621,-14.744,-1.672
1789989361274,-10.73,-15.702,-1.684
1789989363276,-10.842,-16.709,-1.669
1789989365274,-10.953,-17.658,-1.697
1789989367276,-11.086,-18.587,-1.694
1789989369274,-11.199,-19.532,-1.696
1789989371275,-11.333,-20.551,-1.677
1789989373277,-11.334,-21.215,-1.301
1789989375275,-10.87,-21.659,-0.295
1789989377278,-10.332,-21.47,1.052
1789989379273,-10.34,-20.726,1.862
1789989381274,-10.657,-19.8,1.787
1789989383294,-10.715,-18.815,1.495
1789989385275,-10.603,-17.891,1.435
1789989387274,-10.495,-16.925,1.479
1789989389282,-10.39,-15.934,1.444
1789989391277,-10.259,-14.958,1.461
1789989393278,-10.161,-13.993,1.45
1789989395276,-10.054,-13.24,1.463
1789989397279,-9.923,-12.597,1.07
1789989399273,-9.525,-12.44,-0.348
1789989401276,-9.302,-12.951,-1.605
1789989403275,-9.427,-13.873,-1.717
1789989405275,-9.562,-14.866,-1.686
1789989407285,-9.675,-15.859,-1.688
1789989409278,-9.783,-16.816,-1.708
1789989411277,-9.934,-17.782,-1.689
1789989413301,-9.92,-18.436,-1.129
1789989415276,-9.476,-18.654,0.274
1789989417274,-8.963,-18.014,1.214
1789989419274,-8.788,-17.072,1.435
1789989421274,-8.629,-16.124,1.438
1789989423280,-8.52,-15.14,1.469
1789989425276,-8.418,-14.186,1.455
1789989427275,-8.288,-13.238,1.437
1789989429283,-8.183,-12.3,1.442
1789989431281,-8.064,-11.339,1.435
1789989433286,-7.894,-10.6,1.317
1789989435275,-7.943,-9.791,2.097
1789989437276,-8.483,-9.495,3.038
1789989439276,-8.977,-9.804,-1.887
1789989441295,-9.057,-10.527,-1.593
1789989443285,-9.207,-11.334,-1.914
1789989445274,-9.372,-11.994,-1.228
1789989447282,-8.811,-12.302,0.06
1789989449277,-8.365,-11.931,1.317
1789989451280,-8.314,-11.076,1.583
1789989453277,-8.316,-10.266,1.509
1789989455285,-8.333,-10.269,1.184
1789989457274,-8.634,-10.456,-0.005
1789989459278,-8.779,-10.427,-0.484
1789989461275,-8.558,-10.774,-1.292
1789989463276,-8.49,-11.726,-1.622
1789989465273,-8.612,-12.699,-1.671
1789989467276,-8.688,-13.661,-1.685
1789989469274,-8.83,-14.628,-1.701
1789989471273,-8.931,-15.596,-1.679
1789989473279,-9.048,-16.58,-1.714
1789989475277,-9.171,-17.369,-1.599
1789989477274,-8.906,-17.942,-0.424
1789989479273,-8.403,-17.83,0.989
1789989481275,-8.339,-17.092,1.602
1789989483277,-8.292,-16.136,1.464
1789989485275,-8.189,-15.173,1.454
1789989487277,-8.059,-14.216,1.44
1789989489275,-7.931,-13.25,1.455
1789989491275,-7.832,-12.284,1.462
1789989493277,-7.725,-11.363,1.45
1789989495274,-7.519,-10.615,1.302
1789989497275,-7.663,-9.777,2.261
1789989499277,-8.284,-9.566,-2.971
1789989501274,-8.702,-10.041,-1.8
1789989503291,-8.748,-10.947,-1.592
1789989505279,-8.762,-11.399,-1.703
1789989507277,-8.722,-11.314,-2.003
1789989509276,-9.035,-11.521,-3.133
1789989511275,-9.392,-11.228,1.859
1789989513280,-9.372,-10.451,1.448
1789989515274,-9.21,-9.808,1.075
1789989517275,-9.184,-9.734,0.664
1789989519274,-9.544,-9.766,-0.491
1789989521278,-9.702,-9.563,-1.323
1789989523279,-9.69,-9.7,-1.547
1789989525274,-9.72,-10.352,-1.636
1789989527284,-9.74,-10.904,-1.353
1789989529273,-9.385,-11.551,-0.952
1789989531275,-8.987,-12.372,-1.408
1789989533276,-8.988,-13.298,-1.675
1789989535275,-9.118,-14.267,-1.716
1789989537276,-9.249,-15.227,-1.685
1789989539273,-9.356,-16.221,-1.7
1789989541274,-9.481,-17.175,-1.716
1789989543275,-9.555,-17.913,-1.345
1789989545275,-9.145,-18.28,-0.069
1789989547274,-8.444,-17.835,0.934
1789989549274,-8.071,-16.954,1.35
1789989551277,-7.919,-15.975,1.458
1789989553276,-7.798,-14.982,1.471
1789989555273,-7.682,-14.011,1.443
1789989557274,-7.569,-13.073,1.458
1789989559274,-7.459,-12.138,1.453
1789989561275,-7.354,-11.242,1.454
1789989563276,-7.325,-10.434,1.57
1789989565275,-6.964,-9.628,0.636
1789989567273,-6.365,-9.614,-0.652
1789989569273,-6.182,-10.386,-1.637
1789989571275,-6.316,-11.369,-1.71
1789989573280,-6.433,-12.36,-1.685
1789989575274,-6.543,-13.322,-1.689
1789989577274,-6.659,-14.319,-1.684
1789989579273,-6.785,-15.293,-1.704
1789989581274,-6.89,-16.139,-1.666
1789989583282,-6.865,-16.925,-1.62
1789989585276,-7.257,-17.505,-2.878
1789989587274,-7.675,-17.302,1.989
1789989589274,-7.663,-16.406,1.426
1789989591275,-7.498,-15.464,1.42
1789989593275,-7.399,-14.494,1.456
1789989595273,-7.269,-13.514,1.432
1789989597273,-7.145,-12.564,1.462
1789989599274,-7.047,-11.597,1.46
1789989601274,-6.952,-10.782,1.588
1789989603277,-6.874,-9.861,1.089
1789989605274,-6.308,-9.527,-0.062
1789989607274,-5.82,-10.011,-1.446
1789989609274,-5.879,-10.952,-1.698
1789989611274,-6.025,-11.978,-1.705
1789989613284,-6.149,-12.944,-1.694
1789989615273,-6.269,-13.929,-1.692
1789989617273,-6.396,-14.897,-1.679
1789989619278,-6.475,-15.756,-1.669
1789989621274,-6.46,-16.54,-1.468
1789989623278,-6.657,-17.159,-2.548
1789989625276,-7.142,-17.129,2.273
1789989627273,-7.273,-16.34,1.493
1789989629274,-7.145,-15.374,1.438
1789989631274,-7.008,-14.377,1.447
1789989633277,-6.915,-13.396,1.473
1789989635273,-6.794,-12.454,1.446
1789989637274,-6.677,-11.501,1.445
1789989639274,-6.575,-10.704,1.563
1789989641278,-6.57,-9.805,1.275
1789989643275,-6.079,-9.307,0.192
1789989645275,-5.502,-9.535,-1.125
1789989647274,-5.475,-10.48,-1.688
1789989649274,-5.599,-11.462,-1.704
1789989651274,-5.752,-12.448,-1.704
1789989653283,-5.859,-13.415,-1.669
1789989655274,-5.98,-14.399,-1.683
1789989657276,-6.072,-15.224,-1.647
1789989659273,-5.904,-15.688,-0.575
1789989661274,-5.443,-15.642,0.778
1789989663281,-5.123,-14.953,1.296
1789989665275,-4.93,-13.989,1.374
1789989667275,-4.768,-13.038,1.43
1789989669276,-4.627,-12.05,1.438
1789989671274,-4.497,-11.074,1.446
1789989673283,-4.366,-10.124,1.446
1789989675273,-4.254,-9.31,1.423
1789989677302,-4.289,-8.379,2.057
1789989679273,-4.952,-7.998,-3.099
1789989681273,-5.408,-8.39,-1.787
1789989683278,-5.262,-9.168,-1.238
1789989685274,-5.119,-10.127,-1.597
1789989687274,-5.223,-11.078,-1.682
1789989689274,-5.343,-12.068,-1.69
1789989691275,-5.464,-13.041,-1.684
1789989693275,-5.573,-14.002,-1.679
1789989695273,-5.665,-14.827,-1.599
1789989697274,-5.458,-15.232,-0.363
1789989699274,-4.97,-15.04,0.851
1789989701287,-4.665,-14.335,1.325
1789989703285,-4.485,-13.364,1.378
1789989705274,-4.319,-12.411,1.438
1789989707286,-4.195,-11.435,1.443
1789989709277,-4.081,-10.479,1.448
1789989711275,-3.943,-9.535,1.452
1789989713278,-3.818,-8.715,1.484
1789989715280,-4.118,-7.929,2.494
1789989717290,-4.757,-7.856,-2.628
1789989719286,-5.056,-8.427,-1.395
1789989721297,-4.777,-9.177,-1.253
1789989723282,-4.714,-10.144,-1.671
1789989725276,-4.871,-11.095,-1.719
1789989727275,-4.985,-12.054,-1.683
1789989729275,-5.106,-13.044,-1.696
1789989731274,-5.211,-13.908,-1.668
1789989733290,-5.184,-14.664,-1.303
1789989735275,-5.263,-14.574,-0.946
1789989737274,-5.232,-14.614,-0.716
1789989739274,-4.755,-14.604,0.665
1789989741274,-4.377,-13.975,1.223
1789989743275,-4.133,-13.055,1.343
1789989745273,-3.94,-12.099,1.415
1789989747275,-3.813,-11.131,1.441
1789989749273,-3.67,-10.169,1.46
1789989751276,-3.553,-9.199,1.465
1789989753275,-3.474,-8.539,1.471
1789989755274,-3.487,-8.638,1.266
1789989757277,-3.611,-8.835,0.621
1789989759275,-3.333,-8.731,0.242
1789989761274,-2.623,-8.437,0.746
1789989763276,-2.231,-7.539,1.405
1789989765275,-2.157,-6.64,1.474
1789989767275,-2.08,-5.791,1.444
1789989769274,-2.137,-5.913,0.947
1789989771275,-2.472,-6.03,-0.188
1789989773281,-2.473,-6.024,-0.425
1789989775274,-2.248,-6.622,-1.608
1789989777274,-2.329,-7.581,-1.692
1789989779277,-2.454,-8.56,-1.688
1789989781273,-2.562,-9.57,-1.691
1789989783295,-2.678,-10.418,-1.682
1789989785274,-2.698,-11.152,-1.54
1789989787275,-2.754,-11.938,-1.953
1789989789276,-3.196,-12.27,2.996
1789989791273,-3.519,-11.794,1.626
1789989793275,-3.444,-10.837,1.431
1789989795275,-3.299,-9.889,1.433
1789989797273,-3.155,-8.914,1.456
1789989799273,-3.072,-8.098,1.502
1789989801275,-2.884,-7.154,1.046
1789989803276,-2.225,-6.79,-0.167
1789989805274,-1.828,-7.304,-1.509
1789989807274,-2.009,-8.279,-1.781
1789989809273,-2.193,-9.253,-1.683
1789989811274,-2.273,-10.05,-1.685
1789989813278,-2.326,-10.572,-1.751
1789989815274,-2.11,-10.304,-2.805
1789989817273,-1.866,-10.303,2.706
1789989819274,-2.048,-10.135,2.046
1789989821275,-2.157,-9.245,1.524
1789989823282,-2.072,-8.286,1.43
1789989825275,-1.925,-7.369,1.432
1789989827277,-1.82,-6.413,1.447
1789989829274,-1.692,-5.447,1.428
1789989831274,-1.767,-4.602,2.042
1789989833274,-2.345,-4.166,-3.128
1789989835273,-2.675,-4.454,-2.047
1789989837274,-2.737,-4.627,-1.804
1789989839275,-2.555,-5.209,-0.585
1789989841274,-1.729,-5.142,0.562
1789989843282,-1.213,-4.36,1.315
1789989845274,-1.063,-3.41,1.454
1789989847279,-0.978,-2.484,1.468
1789989849277,-0.871,-1.612,1.448
1789989851274,-0.815,-1.234,1.463
1789989853279,-0.811,-1.439,1.914
1789989855274,-0.721,-1.555,2.381
1789989857302,-0.779,-1.5,2.719
1789989859273,-0.571,-1.517,-2.85
1789989861275,-0.75,-1.62,-2.369
1789989863276,-1.004,-2.368,-1.695
1789989865273,-1.14,-3.381,-1.667
1789989867275,-1.223,-4.341,-1.665
1789989869273,-1.34,-5.289,-1.696
1789989871273,-1.474,-6.308,-1.638
1789989873275,-1.572,-7.251,-1.699
1789989875273,-1.682,-8.197,-1.687
1789989877274,-1.799,-9.154,-1.667
1789989879286,-1.852,-9.594,-1.694
1789989881274,-2.046,-9.953,-2.504
1789989883285,-2.667,-9.97,2.486
1789989885278,-2.896,-9.214,1.549
1789989887274,-2.77,-8.234,1.414
1789989889274,-2.636,-7.383,1.453
1789989891273,-2.535,-6.681,1.367
1789989893278,-2.619,-6.878,0.831
1789989895273,-2.963,-6.945,-0.34
1789989897273,-2.958,-6.954,-0.588
1789989899273,-2.733,-7.575,-1.48
1789989901274,-2.783,-8.509,-1.689
1789989903275,-2.882,-9.542,-1.682
1789989905274,-3.037,-10.485,-1.717
1789989907275,-3.11,-11.191,-1.648
1789989909276,-3.12,-11.332,-1.678
1789989911275,-3.078,-11.739,-1.41
1789989913277,-3.185,-12.503,-2.197
1789989915276,-3.664,-12.632,2.724
1789989917278,-4.071,-12.015,1.375
1789989919275,-3.661,-11.559,0.537
1789989921274,-2.905,-11.038,0.777
1789989923283,-2.264,-10.31,0.864
1789989925275,-1.699,-9.663,0.884
1789989927285,-1.47,-9.344,1.162
1789989929274,-1.411,-8.922,1.52
1789989931275,-1.315,-8.025,1.43
1789989933278,-1.192,-7.109,1.463
1789989935274,-1.124,-6.27,1.424
1789989937273,-0.965,-5.326,1.434
1789989939276,-0.821,-4.374,1.472
1789989941274,-0.736,-3.413,1.465
1789989943278,-0.637,-2.446,1.452
1789989945276,-0.513,-1.595,1.436
1789989947304,-0.495,-1.113,1.875
1789989949273,-0.826,-0.849,3.131
1789989951274,-1.15,-1.084,-1.922
1789989953278,-1.159,-1.064,-1.923
1789989955273,-1.142,-0.768,-1.164
1789989957274,-1.162,-0.749,-0.918
1789989959273,-0.652,-1.1,-0.643
1789989961274,-0.232,-1.894,-1.471
1789989963279,-0.283,-2.871,-1.699
1789989965273,-0.433,-3.82,-1.719
1789989967273,-0.55,-4.767,-1.715
1789989969274,-0.713,-5.735,-1.677
1789989971291,-0.779,-6.682,-1.66
1789989973301,-0.917,-7.586,-1.719
1789989975274,-1.01,-8.41,-1.573
1789989977274,-0.761,-8.802,-0.322
1789989979283,-0.365,-8.647,0.811
1789989981275,-0.047,-7.972,1.28
1789989983276,0.172,-7.064,1.372
1789989985275,0.317,-6.087,1.434
1789989987297,0.442,-5.1,1.429
1789989989279,0.586,-4.137,1.429
1789989991274,0.718,-3.171,1.474
1789989993283,0.791,-2.274,1.431
1789989995275,0.956,-1.552,1.382
1789989997275,0.794,-1.09,2.62
1789989999275,0.342,-1.101,-2.362
1789990001274,0.124,-1.838,-1.669
1789990003287,0.038,-2.806,-1.679
1789990005275,-0.079,-3.778,-1.701
1789990007286,-0.222,-4.743,-1.714
1789990009275,-0.357,-5.705,-1.66
1789990011275,-0.403,-6.649,-1.689
1789990013277,-0.575,-7.522,-1.713
1789990015297,-0.465,-8.145,-0.765
1789990017275,-0.029,-8.177,0.511
1789990019294,0.365,-7.632,1.216
1789990021277,0.531,-6.75,1.38
1789990023286,0.681,-5.797,1.401
1789990025277,0.858,-4.798,1.434
1789990027280,0.981,-3.853,1.454
1789990029274,1.084,-2.9,1.46
1789990031278,1.184,-2.131,1.32
1789990033278,1.292,-1.343,1.831
1789990035273,0.92,-0.989,-3.111
1789990037283,0.538,-1.349,-1.859
1789990039273,0.422,-2.296,-1.653
1789990041277,0.337,-3.272,-1.688
1789990043276,0.214,-4.213,-1.699
1789990045273,0.065,-5.167,-1.683
1789990047273,-0.015,-6.147,-1.672
1789990049279,-0.112,-7.0,-1.73
1789990051274,-0.105,-7.571,-0.939
1789990053278,0.295,-7.694,0.372
1789990055273,0.584,-7.359,1.138
1789990057274,0.841,-6.538,1.282
1789990059279,1.05,-5.61,1.374
1789990061274,1.184,-4.726,1.387
1789990063278,1.345,-3.869,1.438
1789990065274,1.472,-2.893,1.481
1789990067274,1.563,-2.106,1.199
1789990069273,2.041,-1.751,0.011
1789990071273,2.538,-2.152,-1.314
1789990073275,2.487,-3.037,-1.751
1789990075276,2.368,-3.803,-1.649
1789990077274,2.374,-4.581,-1.545
1789990079273,2.172,-5.324,-2.298
1789990081274,1.714,-5.385,2.487
1789990083276,1.511,-4.767,1.541
1789990085274,1.63,-3.957,1.372
1789990087275,1.818,-3.013,1.472
1789990089275,1.936,-2.277,1.169
1789990091274,2.467,-1.959,-0.091
1789990093276,2.883,-2.465,-1.444
1789990095275,2.8,-3.272,-1.699
1789990097274,2.78,-4.055,-1.582
1789990099273,2.594,-4.792,-2.271
1789990101275,2.137,-4.852,2.497
1789990103277,1.942,-4.238,1.549
1789990105277,2.058,-3.392,1.391
1789990107274,2.264,-2.567,1.193
1789990109277,2.794,-2.149,0.049
1789990111273,3.154,-2.474,-1.328
1789990113275,3.156,-3.144,-1.632
1789990115279,3.122,-3.471,-1.691
1789990117273,3.052,-3.694,-2.184
1789990119274,2.461,-4.04,-2.698
1789990121277,1.679,-4.543,-2.456
1789990123278,1.039,-5.105,-2.399
1789990125273,0.333,-5.719,-2.49
1789990127274,-0.466,-6.327,-2.438
1789990129276,-1.178,-6.933,-2.46
1789990131277,-1.914,-7.563,-2.497
1789990133283,-2.706,-8.122,-2.526
1789990135279,-3.522,-8.608,-2.748
1789990137276,-4.391,-8.948,-2.827
1789990139274,-5.25,-9.2,-2.871
1789990141278,-6.143,-9.487,-2.791
1789990143292,-7.055,-9.768,-2.818
1789990145283,-7.864,-10.073,-2.776
1789990147273,-8.7,-10.354,-2.819
1789990149275,-9.289,-10.552,-3.03
1789990151275,-10.0,-10.502,3.117
1789990153277,-10.758,-10.686,-2.667
1789990155276,-11.488,-11.054,-2.687
1789990157274,-12.385,-11.429,-2.716
1789990159273,-13.067,-11.76,-2.358
1789990161281,-13.028,-11.689,-1.975
1789990163277,-13.075,-11.799,-1.826
1789990165277,-13.15,-12.581,-1.706
1789990167273,-13.272,-13.543,-1.694
1789990169273,-13.387,-14.534,-1.686
1789990171275,-13.515,-15.516,-1.692
1789990173276,-13.627,-16.501,-1.683
1789990175286,-13.75,-17.512,-1.707
1789990177273,-13.891,-18.461,-1.703
1789990179274,-13.994,-19.405,-1.676
1789990181275,-14.096,-20.384,-1.681
1789990183282,-14.225,-21.316,-1.683
1789990185274,-14.334,-22.218,-1.682
1789990187277,-14.421,-22.956,-1.703
1789990189274,-14.437,-23.2,-1.813
1789990191274,-14.264,-23.014,-2.748
1789990193278,-14.422,-23.029,3.111
1789990195274,-14.68,-22.932,2.574
1789990197275,-14.879,-22.74,2.213
1789990199276,-15.017,-22.482,1.977
1789990201275,-15.152,-22.077,1.843
1789990203285,-15.228,-21.587,1.655
1789990205274,-15.218,-20.951,1.516
1789990207274,-15.154,-20.117,1.436
1789990209273,-15.003,-19.17,1.453
1789990211274,-14.904,-18.183,1.455
1789990213275,-14.771,-17.212,1.43
1789990215274,-14.648,-16.216,1.455
1789990217292,-14.54,-15.277,1.442
1789990219275,-14.402,-14.287,1.461
1789990221275,-14.308,-13.316,1.443
1789990223304,-14.178,-12.44,1.444
1789990225277,-14.09,-11.689,1.246
1789990227274,-13.707,-11.334,0.071
1789990229273,-13.361,-11.56,-1.314
1789990231273,-13.497,-12.401,-1.768
1789990233287,-13.626,-13.386,-1.663
1789990235274,-13.723,-14.341,-1.691
1789990237274,-13.849,-15.298,-1.688
1789990239275,-13.953,-16.284,-1.694
1789990241274,-14.073,-17.279,-1.697
1789990243274,-14.205,-18.25,-1.697
1789990245288,-14.309,-19.187,-1.689
1789990247274,-14.444,-20.166,-1.697
1789990249274,-14.586,-21.12,-1.675
1789990251274,-14.66,-22.0,-1.679
1789990253279,-14.751,-22.718,-1.853
1789990255275,-15.147,-22.966,3.112
1789990257275,-15.576,-22.497,1.815
1789990259273,-15.601,-21.703,1.571
1789990261273,-15.556,-20.759,1.484
1789990263274,-15.445,-19.772,1.426
1789990265274,-15.314,-18.792,1.457
1789990267289,-15.197,-17.788,1.445
1789990269273,-15.083,-16.811,1.451
1789990271274,-14.97,-15.862,1.443
1789990273274,-14.83,-14.862,1.448
1789990275274,-14.711,-13.894,1.468
1789990277275,-14.624,-12.949,1.433
1789990279273,-14.501,-12.131,1.525
1789990281276,-14.323,-11.502,0.731
1789990283274,-13.939,-11.413,-0.358
1789990285275,-13.76,-11.848,-1.671
1789990287274,-13.906,-12.783,-1.706
1789990289274,-14.011,-13.72,-1.661
1789990291274,-14.12,-14.689,-1.695
1789990293280,-14.236,-15.674,-1.68
1789990295273,-14.363,-16.647,-1.691
1789990297273,-14.479,-17.616,-1.696
1789990305273,-14.933,-21.397,-1.713
1789990307274,-15.04,-22.068,-1.875
1789990299280,-14.596,-18.588,-1.696
1789990301274,-14.709,-19.529,-1.683
1789990309294,-15.439,-22.323,3.026
1789990303275,-14.824,-20.5,-1.687
1789990311295,-15.878,-21.833,1.878
1789990313275,-15.86,-21.244,1.574
1789990315279,-15.876,-20.373,1.516
1789990317287,-15.737,-19.388,1.438
1789990319280,-15.64,-18.451,1.464
1789990321281,-15.509,-17.445,1.431
1789990323275,-15.369,-16.43,1.452
1789990325303,-15.268,-15.471,1.454
1789990327274,-15.136,-14.494,1.458
1789990329275,-15.029,-13.514,1.454
1789990333282,-14.855,-11.788,1.726
1789990331274,-14.915,-12.542,1.45
1789990335275,-15.323,-11.262,2.93
1789990337274,-15.81,-11.54,-2.059
1789990339276,-16.0,-12.503,-1.672
1789990341275,-16.088,-13.457,-1.68
1789990343276,-16.188,-14.358,-1.697
1789990347274,-16.443,-16.314,-1.668
1789990345274,-16.322,-15.347,-1.698
1789990351275,-16.654,-18.194,-1.686
1789990349277,-16.546,-17.237,-1.682
1789990353294,-16.791,-19.166,-1.707
1789990355274,-16.889,-20.072,-1.672
1789990357274,-17.017,-20.741,-1.738
1789990359274,-16.884,-21.242,-0.78
1789990361274,-16.411,-21.284,0.692
1789990363276,-16.221,-20.577,1.504
1789990367276,-16.011,-18.612,1.461
1789990369275,-15.878,-17.634,1.44
1789990365275,-16.12,-19.6,1.456
1789990371274,-15.744,-16.633,1.458
1789990373297,-15.637,-15.691,1.447
1789990375277,-15.513,-14.691,1.468
1789990377274,-15.394,-13.715,1.464
1789990379273,-15.287,-12.767,1.453
1789990381275,-15.211,-11.978,1.611
1789990383299,-15.564,-11.379,2.755
1789990385274,-16.103,-11.478,-2.305
1789990387278,-16.352,-12.386,-1.681
1789990389274,-16.359,-13.295,-1.71
1789990391273,-16.526,-14.262,-1.716
1789990393276,-16.644,-15.178,-1.692
1789990395274,-16.771,-16.184,-1.686
1789990397274,-16.883,-17.128,-1.694
1789990399274,-17.001,-18.111,-1.685
1789990401273,-17.127,-19.07,-1.691
1789990403277,-17.238,-19.907,-1.673
1789990405273,-17.337,-20.633,-1.598
1789990407274,-17.339,-20.808,-1.244
1789990409275,-17.442,-20.553,-1.103
1789990411275,-17.497,-20.482,-0.799
1789990413284,-16.996,-20.633,0.116
1789990415274,-16.493,-20.122,1.317
1789990417274,-16.382,-19.149,1.499
1789990419273,-16.292,-18.19,1.453
1789990421274,-16.148,-17.207,1.447
1789990423275,-16.063,-16.219,1.462
1789990425274,-15.932,-15.25,1.445
1789990427276,-15.807,-14.247,1.471
1789990429273,-15.709,-13.262,1.464
1789990431274,-15.609,-12.411,1.434
1789990433276,-15.586,-11.686,1.959
1789990435274,-16.008,-11.356,2.935
1789990437274,-16.532,-11.582,-2.069
1789990439276,-16.699,-12.546,-1.679
1789990441278,-16.729,-13.461,-1.726
1789990443275,-16.891,-14.361,-1.71
1789990445274,-17.013,-15.336,-1.704
1789990447274,-17.138,-16.297,-1.684
1789990449274,-17.25,-17.211,-1.688
1789990451276,-17.359,-18.161,-1.686
1789990453279,-17.486,-19.146,-1.709
1789990455295,-17.597,-19.906,-1.715
1789990457275,-17.877,-20.426,-2.774
1789990459274,-18.49,-20.27,2.274
1789990461279,-18.602,-19.497,1.44
1789990463277,-18.452,-18.526,1.45
1789990465274,-18.334,-17.542,1.463
1789990467274,-18.227,-16.554,1.45
1789990469278,-18.104,-15.56,1.444
1789990471276,-17.984,-14.573,1.45
1789990473276,-17.856,-13.561,1.445
1789990475274,-17.721,-12.579,1.462
1789990477276,-17.642,-11.786,1.464
1789990479274,-17.451,-11.156,0.697
1789990481274,-16.963,-11.168,-0.763
1789990483275,-16.885,-11.76,-1.762
1789990485274,-17.076,-12.767,-1.707
1789990497275,-17.742,-18.448,-1.688
1789990489276,-17.283,-14.626,-1.685
1789990487274,-17.179,-13.676,-1.662
1789990495298,-17.646,-17.511,-1.682
1789990499275,-17.878,-19.371,-1.699
1789990491275,-17.394,-15.572,-1.691
1789990493288,-17.514,-16.552,-1.695
1789990501275,-18.033,-20.038,-2.164
1789990503275,-18.563,-20.162,2.82
1789990505275,-18.97,-19.726,1.763
1789990507278,-18.93,-19.134,1.351
1789990509275,-18.733,-18.165,1.473
1789990511273,-18.68,-17.218,1.47
1789990513276,-18.54,-16.268,1.431
1789990515275,-18.409,-15.25,1.458
1789990517277,-18.307,-14.252,1.439
1789990519274,-18.162,-13.284,1.436
1789990521273,-18.026,-12.26,1.467
1789990523278,-17.989,-11.467,1.483
1789990525273,-17.708,-10.923,0.39
1789990527273,-17.247,-11.087,-1.089
1789990529273,-17.265,-11.853,-1.75
1789990531274,-17.429,-12.805,-1.696
1789990533275,-17.548,-13.812,-1.684
1789990535275,-17.648,-14.77,-1.674
1789990537277,-17.766,-15.708,-1.707
1789990539273,-17.902,-16.674,-1.696
1789990541274,-18.013,-17.654,-1.681
1789990543278,-18.123,-18.632,-1.706
1789990545274,-18.236,-19.393,-1.721
1789990547274,-18.533,-19.938,-2.797
1789990549275,-19.086,-19.769,2.312
1789990551274,-19.26,-19.243,1.612
1789990553277,-19.172,-18.471,1.438
1789990555279,-19.013,-17.489,1.427
1789990557273,-18.915,-16.516,1.488
1789990559277,-18.822,-15.52,1.455
1789990561273,-18.688,-14.55,1.439
1789990563276,-18.564,-13.549,1.449
1789990565274,-18.434,-12.582,1.443
1789990567275,-18.347,-11.774,1.588
1789990569279,-18.609,-11.231,2.751
1789990571274,-19.262,-11.419,-2.218
1789990573275,-19.537,-12.315,-1.658
1789990575277,-19.603,-13.271,-1.671
1789990577279,-19.711,-14.27,-1.675
1789990579274,-19.849,-15.024,-1.905
1789990581274,-20.1,-15.768,-1.823
1789990583308,-19.953,-16.467,-0.675
1789990585280,-19.206,-16.428,0.638
1789990587274,-18.957,-15.613,1.591
1789990589285,-18.968,-14.668,1.56
1789990591289,-18.857,-13.669,1.485
1789990593274,-18.779,-12.701,1.475
1789990595277,-18.698,-11.891,1.469
1789990597274,-18.662,-11.564,1.376
1789990599274,-18.918,-11.855,0.235
1789990601275,-19.119,-11.82,-0.38
1789990603280,-18.89,-12.064,-1.199
1789990605274,-18.863,-12.973,-1.629
1789990607274,-18.964,-13.932,-1.691
1789990609275,-19.082,-14.873,-1.707
1789990611299,-19.199,-15.833,-1.674
1789990613279,-19.309,-16.789,-1.686
1789990615295,-19.424,-17.683,-1.725
1789990617275,-19.552,-18.554,-1.649
1789990619280,-19.502,-19.23,-1.482
1789990621296,-19.65,-19.637,-2.608
1789990623278,-20.054,-19.561,2.267
1789990625274,-20.084,-19.031,1.27
1789990627274,-19.845,-18.32,1.392
1789990629276,-19.734,-17.355,1.431
1789990631273,-19.583,-16.398,1.463
1789990633274,-19.491,-15.442,1.454
1789990635275,-19.371,-14.457,1.442
1789990637274,-19.248,-13.445,1.463
1789990639279,-19.14,-12.509,1.451
1789990641274,-19.159,-11.773,2.048
1789990643276,-19.715,-11.62,-2.815
1789990645273,-20.007,-12.012,-1.673
1789990647273,-19.959,-12.925,-1.58
1789990649273,-20.001,-13.87,-1.68
1789990651276,-20.138,-14.565,-1.863
1789990653276,-20.133,-14.609,-2.217
1789990655273,-20.122,-14.614,-2.439
1789990657274,-20.607,-14.594,2.409
1789990659274,-20.68,-14.167,1.163
1789990661274,-20.347,-13.489,1.253
1789990663275,-20.271,-13.133,1.439
1789990665275,-20.292,-12.967,1.63
1789990667276,-20.694,-12.482,2.819
1789990669274,-21.31,-12.655,-2.083
1789990671274,-21.151,-13.227,-0.665
1789990673276,-20.232,-13.254,0.316
1789990675273,-19.329,-12.842,0.466
1789990677274,-18.502,-12.46,0.35
1789990679281,-17.584,-12.096,0.382
1789990681274,-16.664,-11.832,0.291
1789990683280,-15.694,-11.546,0.2
1789990685274,-14.982,-11.514,-0.072
1789990687290,-14.032,-11.492,0.254
1789990689274,-13.288,-11.206,0.42
1789990691286,-12.474,-10.947,0.217
1789990693274,-11.639,-10.826,0.142
1789990695273,-10.936,-10.699,0.202
1789990697274,-10.173,-10.542,0.113
1789990699275,-9.21,-10.453,0.136
1789990701279,-8.243,-10.364,0.031
1789990703279,-7.598,-10.389,-0.391
1789990705276,-7.692,-10.338,-0.691
1789990707273,-7.399,-10.471,-0.197
1789990709278,-6.522,-10.38,0.392
1789990711277,-5.763,-9.845,0.752
1789990713275,-5.094,-9.175,0.841
1789990715275,-4.508,-8.422,0.997
1789990717274,-4.014,-7.639,0.998
1789990719277,-3.461,-6.845,0.983
1789990721278,-2.953,-6.003,1.058
1789990723276,-2.585,-5.068,1.346
1789990725274,-2.467,-4.288,1.433
1789990727274,-2.321,-3.788,1.07
1789990729274,-2.068,-3.32,1.186
1789990731276,-2.049,-3.309,1.437
1789990733280,-1.918,-3.598,2.464
1789990735275,-2.038,-3.553,2.88
1789990737274,-2.575,-3.708,-2.387
1789990739275,-2.878,-4.378,-1.688
1789990741274,-2.916,-5.025,-1.763
1789990743276,-3.102,-5.521,-2.214
1789990745273,-3.482,-5.648,2.984
1789990747275,-3.981,-5.387,2.427
1789990749275,-4.366,-4.945,2.301
1789990751274,-4.587,-4.615,2.414
1789990753278,-5.022,-4.295,2.533
1789990755274,-5.532,-3.872,2.34
1789990757274,-5.808,-3.599,2.275
1789990759273,-5.957,-3.269,1.598
1789990761274,-5.777,-2.741,0.944
1789990763277,-5.241,-2.217,0.678
1789990765274,-4.618,-1.751,0.716
1789990767279,-4.045,-1.233,0.863
1789990769294,-3.69,-0.566,1.262
1789990771276,-3.609,0.218,1.659
1789990773277,-3.835,0.963,2.08
1789990775274,-4.338,1.543,2.389
1789990779274,-5.592,2.465,2.656
1789990781274,-6.278,2.798,2.696
1789990777278,-4.926,2.059,2.504
1789990785276,-7.645,3.191,-2.846
1789990783281,-6.964,3.07,2.83
1789990787275,-7.976,2.662,-1.63
1789990789273,-7.819,2.15,-0.997
1789990791274,-7.568,1.562,-1.53
1789990793274,-7.615,0.978,-1.681
1789990795274,-7.635,0.209,-1.494
1789990797274,-7.559,-0.54,-1.448
1789990799293,-7.434,-1.22,-1.454
1789990801275,-7.326,-1.898,-1.389
1789990803276,-7.477,-2.388,-2.239
1789990805274,-8.019,-2.813,-2.73
1789990807273,-8.737,-2.949,-3.03
1789990809275,-9.395,-3.015,-3.04
1789990811274,-9.897,-3.085,-3.041
1789990813275,-10.292,-3.11,2.998
1789990815274,-10.697,-2.996,2.724
1789990817276,-10.925,-2.862,2.575
1789990819273,-11.398,-2.555,2.661
1789990821277,-12.067,-2.256,2.749
1789990823275,-12.675,-1.977,2.68
1789990825275,-13.189,-1.681,2.381
1789990827274,-13.498,-1.184,1.886
1789990829276,-13.612,-0.486,1.751
1789990831273,-13.697,0.277,1.379
1789990833291,-13.377,0.944,1.027
1789990835275,-12.953,1.594,1.096
1789990837276,-12.708,2.116,1.248
1789990839275,-12.71,2.674,2.105
1789990841275,-13.123,2.832,-2.907
1789990843275,-13.728,2.495,-2.617
1789990845273,-14.355,2.16,-2.644
1789990847276,-15.051,1.821,-2.774
1789990849275,-15.773,1.615,-2.943
1789990851274,-16.546,1.435,-2.714
1789990853277,-17.157,1.004,-2.218
1789990855274,-17.467,0.509,-2.043
1789990857280,-17.881,0.06,-2.6
1789990859274,-18.488,-0.318,-2.482
1789990861274,-18.76,-0.811,-1.32
1789990863283,-18.404,-1.25,-0.735
1789990865273,-17.841,-1.68,-0.664
1789990867274,-17.367,-2.089,-0.733
1789990869275,-16.883,-2.52,-0.842
1789990871274,-16.561,-3.201,-1.396
1789990873275,-16.696,-3.848,-2.161
1789990875273,-17.276,-4.357,-2.733
1789990877275,-17.937,-4.48,-2.983
1789990879281,-18.239,-4.577,-2.723
1789990881274,-18.059,-4.421,-1.999
1789990883284,-18.107,-4.517,-1.661
1789990885274,-18.076,-4.766,-0.902
1789990887275,-17.717,-5.141,-0.742
1789990889279,-17.084,-5.412,0.024
1789990891274,-16.363,-5.292,0.313
1789990893276,-15.651,-5.014,0.335
1789990895277,-14.919,-4.821,0.205
1789990897298,-14.327,-4.788,-0.138
1789990899274,-13.662,-4.97,-0.322
1789990901277,-13.07,-5.237,-0.392
1789990903276,-12.377,-5.556,-0.38
1789990905275,-11.656,-5.823,-0.381
1789990907274,-10.951,-6.128,-0.448
1789990909277,-10.278,-6.486,-0.442
1789990911275,-9.552,-6.86,-0.584
1789990913274,-8.97,-7.365,-0.976
1789990915302,-8.735,-7.963,-1.386
1789990917274,-8.615,-8.702,-1.363
1789990919274,-8.302,-9.562,-0.995
1789990921276,-7.765,-10.207,-0.75
1789990923280,-6.899,-10.548,0.163
1789990925273,-6.125,-10.126,0.688
1789990927274,-5.901,-9.947,0.749
1789990929274,-5.652,-9.468,1.186
1789990931275,-5.467,-9.17,0.941
1789990933277,-4.97,-8.492,1.01
1789990935275,-4.529,-7.794,1.0
1789990937275,-4.053,-7.089,0.994
1789990939276,-3.599,-6.392,0.957
1789990941275,-3.217,-5.836,1.005
1789990943275,-3.273,-6.08,1.668
1789990945274,-3.217,-6.159,1.975
1789990947274,-3.518,-5.882,2.666
1789990949274,-4.139,-5.528,2.515
1789990951274,-4.742,-5.021,2.428
1789990953275,-5.205,-4.576,2.482
1789990955274,-5.795,-4.086,2.308
1789990957276,-6.209,-3.261,1.674
1789990959274,-5.957,-2.408,0.914
1789990961273,-5.233,-1.763,0.709
1789990963281,-4.552,-1.162,0.731
1789990965274,-4.063,-0.587,1.101
1789990967274,-3.944,0.173,1.649
1789990969274,-4.215,0.9,2.152
1789990971274,-4.76,1.475,2.455
1789990973276,-5.5,1.994,2.639
1789990975278,-6.24,2.355,2.653
1789990977274,-6.945,2.696,2.791
1789990979275,-7.527,2.86,-3.019
1789990981274,-7.452,2.888,-2.795
1789990983278,-7.468,2.865,-2.526
1789990985273,-7.615,2.396,-1.402
1789990987274,-7.429,1.685,-1.351
1789990989274,-7.299,0.852,-1.507
1789990991275,-7.276,-0.068,-1.483
1789990993274,-7.192,-0.807,-1.51
1789990995276,-7.186,-1.574,-1.678
1789990997274,-7.304,-2.22,-1.697
1789990999282,-7.348,-2.841,-1.598
1789991001276,-7.425,-3.183,-2.241
1789991003277,-7.337,-3.1,-2.514
1789991005279,-7.425,-3.144,-2.798
1789991007274,-8.181,-3.242,-3.001
1789991009274,-8.93,-3.299,-3.038
1789991011274,-9.639,-3.384,-3.118
1789991013274,-10.33,-3.318,2.917
1789991015274,-11.056,-3.102,2.804
1789991017276,-11.866,-2.721,2.723
1789991019278,-12.699,-2.354,2.725
1789991021273,-13.545,-1.862,2.283
1789991023274,-13.886,-1.043,1.812
1789991025274,-14.044,-0.103,1.65
1789991027274,-13.844,0.848,1.074
1789991029274,-13.397,1.583,0.972
1789991031274,-12.966,2.219,1.064
1789991033286,-12.838,2.397,1.243
1789991035274,-12.815,2.176,2.049
1789991037274,-12.987,2.347,2.704
1789991039274,-13.57,2.208,-2.608
1789991041278,-14.433,1.707,-2.668
1789991043275,-15.144,1.423,-2.849
1789991045274,-15.905,1.223,-2.89
1789991047276,-16.624,0.961,-2.558
1789991049276,-17.232,0.441,-2.364
1789991051274,-17.783,-0.097,-2.339
1789991053277,-18.246,-0.64,-1.938
1789991055274,-18.2,-1.018,-0.886
1789991057274,-17.639,-1.385,-0.621
1789991059277,-17.009,-1.925,-0.736
1789991061273,-16.43,-2.539,-1.006
1789991063280,-16.154,-3.389,-1.589
1789991065276,-16.457,-4.114,-2.277
1789991067277,-17.075,-4.634,-2.675
1789991069273,-17.8,-4.871,-2.82
1789991071277,-17.653,-4.794,-2.305
1789991073276,-17.581,-4.657,-1.751
1789991075281,-17.512,-4.973,-0.805
1789991077275,-16.993,-5.063,0.205
1789991079277,-16.142,-4.817,0.331
1789991081276,-15.437,-4.558,0.28
1789991083279,-14.682,-4.404,0.093
1789991085274,-13.939,-4.455,-0.254
1789991087276,-13.374,-4.689,-0.412
1789991089275,-12.643,-5.05,-0.409
1789991091273,-11.914,-5.346,-0.391
1789991093275,-11.075,-5.702,-0.396
1789991095273,-10.267,-6.077,-0.453
1789991097273,-9.484,-6.474,-0.547
1789991099275,-8.843,-6.958,-0.805
1789991101277,-8.47,-7.654,-1.303
1789991103276,-8.31,-8.436,-1.397
1789991105274,-8.027,-9.318,-1.043
1789991107273,-7.484,-9.962,-0.706
1789991109276,-6.771,-10.138,0.384
1789991111275,-6.036,-9.593,0.721
1789991113279,-5.355,-8.952,0.834
1789991115275,-4.824,-8.251,1.017
1789991117276,-4.359,-7.547,0.996
1789991119283,-4.18,-7.274,1.034
1789991121291,-4.046,-6.726,1.443
1789991123275,-4.024,-6.216,1.836
1789991125275,-4.456,-5.693,2.432
1789991127274,-5.063,-5.208,2.458
1789991129274,-5.617,-4.746,2.445
1789991131274,-6.205,-4.161,2.222
1789991133276,-6.563,-3.291,1.662
1789991135273,-6.394,-2.343,1.034
1789991137278,-5.707,-1.695,0.673
1789991139274,-4.971,-1.051,0.717
1789991141274,-4.375,-0.405,1.153
1789991143275,-4.338,0.339,1.842
1789991145273,-4.873,1.102,2.376
1789991147295,-5.54,1.598,2.616
1789991149275,-6.289,2.0,2.612
1789991151282,-7.038,2.38,2.931
1789991153278,-7.165,2.385,-2.879
1789991155273,-7.013,2.468,-2.381
1789991157280,-7.122,2.282,-1.865
1789991159274,-7.066,1.51,-1.409
1789991161279,-6.955,0.555,-1.508
1789991163275,-6.882,-0.402,-1.456
1789991165277,-6.845,-1.295,-1.665
1789991167277,-6.963,-2.105,-1.662
1789991169275,-6.998,-2.943,-1.556
1789991171276,-7.158,-3.493,-2.605
1789991173276,-7.88,-3.602,-3.088
1789991175274,-8.815,-3.647,-3.056
1789991177278,-9.692,-3.74,-3.134
1789991179280,-10.544,-3.628,2.911
1789991181279,-11.39,-3.339,2.753
1789991183280,-12.172,-2.967,2.728
1789991185273,-13.071,-2.581,2.735
1789991187273,-13.82,-2.092,2.202
1789991189279,-14.189,-1.245,1.88
1789991191285,-14.384,-0.315,1.681
1789991193283,-14.351,0.653,1.23
1789991195275,-13.965,1.356,1.171
1789991197274,-13.928,1.718,2.118
1789991199275,-13.778,1.584,2.703
1789991201274,-13.739,1.584,2.946
1789991203275,-14.201,1.427,-2.588
1789991205273,-14.918,1.112,-2.851
1789991207275,-15.515,1.002,-3.041
1789991209273,-16.207,0.964,-2.997
1789991211274,-16.024,1.012,-2.853
1789991213276,-15.688,1.11,-2.923
1789991215274,-15.377,1.244,-2.56
1789991217273,-15.302,1.324,-2.216
1789991219289,-15.668,1.13,-2.953
1789991221278,-15.652,1.139,-2.755
1789991223289,-15.452,1.278,-2.529
1789991225274,-15.491,1.247,-2.585
1789991227274,-16.163,0.944,-2.627
1789991229273,-16.727,0.488,-2.323
1789991231277,-17.379,-0.216,-2.319
1789991233279,-17.741,-0.697,-1.675
1789991235275,-17.543,-1.058,-0.669
1789991237274,-16.895,-1.537,-0.693
1789991239274,-16.275,-2.14,-0.894
1789991241273,-15.814,-2.987,-1.311
1789991243278,-15.837,-3.653,-2.331
1789991245274,-16.267,-3.793,-3.048
1789991247274,-16.849,-4.055,-2.023
1789991249275,-16.798,-4.509,-0.623
1789991251274,-16.302,-4.551,0.329
1789991253275,-15.484,-4.225,0.323
1789991255274,-14.694,-4.041,0.065
1789991257273,-13.894,-4.109,-0.237
1789991259274,-13.222,-4.374,-0.425
1789991261273,-12.528,-4.704,-0.391
1789991263275,-11.774,-5.015,-0.394
1789991265274,-10.925,-5.401,-0.415
1789991267274,-10.043,-5.778,-0.436
1789991269274,-9.249,-6.208,-0.567
1789991271274,-8.592,-6.713,-0.752
1789991273284,-8.173,-7.417,-1.266
1789991275273,-7.98,-8.229,-1.404
1789991277275,-7.767,-9.064,-1.097
1789991279275,-7.215,-9.723,-0.574
1789991281276,-6.691,-9.711,0.591
1789991283277,-6.06,-9.138,0.754
1789991285274,-5.463,-8.537,0.875
1789991287288,-4.984,-7.831,1.018
1789991289274,-4.517,-7.123,0.966
1789991291275,-4.07,-6.444,1.2
1789991293276,-4.151,-5.974,2.243
1789991295273,-4.703,-5.507,2.475
1789991297274,-5.279,-5.075,2.449
1789991299274,-5.726,-4.779,2.727
1789991301286,-6.448,-4.515,2.755
1789991303276,-7.273,-4.103,2.694
1789991305273,-7.869,-3.832,2.706
1789991307274,-7.863,-3.837,2.736
1789991309282,-7.959,-3.805,2.999
1789991311274,-7.896,-3.807,3.105
1789991313278,-8.164,-3.892,-2.56
1789991315274,-8.798,-4.342,-2.895
1789991317274,-9.594,-4.193,2.689
1789991319274,-10.13,-3.87,2.619
1789991321274,-10.25,-3.792,2.654
1789991323275,-10.033,-3.988,2.166
1789991325275,-9.936,-4.294,1.495
1789991327276,-9.86,-4.11,1.029
1789991329273,-9.271,-3.756,0.16
1789991331276,-8.379,-3.941,-0.419
1789991333276,-7.51,-4.386,-0.503
1789991335275,-6.593,-4.873,-0.491
1789991337274,-5.814,-5.288,-0.475
1789991339274,-5.089,-5.642,-0.482
1789991341274,-4.398,-6.013,-0.463
1789991343276,-3.585,-6.361,-0.485
1789991345275,-3.173,-6.991,-1.677
1789991347273,-3.576,-7.476,-2.826
1789991349276,-4.301,-7.317,2.661
1789991351275,-4.929,-6.916,2.617
1789991353274,-5.612,-6.561,2.672
1789991355277,-6.333,-6.203,2.677
1789991357273,-7.048,-5.822,2.659
1789991359274,-7.87,-5.434,2.693
1789991361274,-8.644,-5.0,2.651
1789991363277,-9.495,-4.572,2.702
1789991365273,-10.327,-4.155,2.673
1789991367274,-11.075,-3.786,2.659
1789991369275,-11.841,-3.356,2.665
1789991371275,-12.693,-2.933,2.696
1789991373278,-13.535,-2.548,2.647
1789991375273,-14.329,-2.12,2.667
1789991377273,-14.91,-1.824,2.661
1789991379273,-15.129,-1.699,2.668
1789991381275,-14.897,-1.819,2.732
1789991383276,-14.824,-1.832,3.002
1789991385274,-15.354,-2.046,-2.544
1789991387274,-16.183,-2.242,2.9
1789991389274,-16.672,-1.638,1.729
1789991391288,-16.699,-0.819,1.513
1789991393276,-16.655,-0.272,1.493
1789991395275,-16.604,0.309,1.451
1789991397275,-16.471,0.856,0.997
1789991399276,-16.151,0.998,-0.096
1789991401275,-15.594,0.772,-0.659
1789991403276,-15.217,0.345,-1.145
1789991405274,-15.214,-0.189,-1.793
1789991407273,-15.461,-0.698,-2.176
1789991409274,-15.852,-1.093,-2.433
1789991411274,-16.142,-1.281,-2.734
1789991413277,-16.265,-1.332,-2.565
1789991415277,-16.402,-1.429,-2.347
1789991417274,-16.74,-1.628,-3.07
1789991419275,-17.139,-1.485,2.11
1789991421274,-17.22,-1.165,1.384
1789991423277,-16.985,-0.677,1.02
1789991425274,-16.81,-0.382,1.165
1789991427274,-16.853,-0.498,1.529
1789991429274,-16.858,-0.124,1.621
1789991431274,-16.858,0.483,1.402
1789991433276,-16.647,0.771,0.604
1789991435274,-16.145,0.967,0.203
1789991437274,-15.444,0.928,-0.37
1789991439277,-14.894,0.447,-1.145
1789991441275,-14.951,-0.298,-1.844
1789991443280,-15.223,-0.966,-2.05
1789991445276,-15.529,-1.112,3.08
1789991447292,-16.178,-0.825,2.574
1789991449275,-16.736,-0.263,1.942
1789991451277,-16.782,0.397,1.303
1789991453275,-16.475,0.859,0.598
1789991455273,-15.933,1.006,0.021
1789991457284,-15.793,1.029,0.161
1789991459274,-15.311,1.122,-0.039
1789991461274,-14.824,0.885,-0.743
1789991463279,-14.524,0.096,-1.616
1789991465273,-14.77,-0.788,-1.935
1789991467274,-14.971,-1.342,-2.127
1789991469275,-15.115,-1.473,-2.631
1789991471273,-15.92,-1.434,2.749
1789991473287,-16.7,-0.919,2.374
1789991475273,-17.128,-0.209,1.758
1789991477286,-17.087,0.52,1.248
1789991479274,-16.61,1.107,0.572
1789991481281,-15.877,1.337,0.104
1789991483279,-14.989,1.105,-0.665
1789991485274,-14.52,0.325,-1.44
1789991487274,-14.494,0.205,-1.643
1789991489275,-14.443,0.392,-2.15
1789991491275,-14.101,0.512,3.017
1789991493275,-14.042,0.511,2.742
1789991495273,-14.664,0.852,2.72
1789991497273,-14.75,0.894,2.863
1789991499278,-14.613,0.893,-2.935
1789991501274,-14.906,0.644,-1.996
1789991503293,-14.918,-0.023,-1.15
1789991505275,-14.386,-0.494,-0.513
1789991507275,-13.808,-0.95,-0.96
1789991509274,-13.772,-1.566,-2.287
1789991511273,-14.348,-1.65,2.882
1789991513277,-14.908,-1.463,2.952
1789991515274,-14.92,-1.419,-3.065
1789991517275,-14.65,-1.192,-1.898
1789991519274,-14.713,-0.835,-0.853
1789991521274,-14.704,-0.836,-0.581
1789991523283,-14.207,-1.033,-0.3
1789991525276,-14.211,-1.037,-0.087
1789991527274,-14.155,-1.023,0.241
1789991529274,-13.938,-0.898,1.045
1789991531273,-13.97,-1.158,1.913
1789991533281,-13.763,-1.332,2.567
1789991535274,-13.842,-1.295,2.723
1789991537275,-14.441,-1.157,2.933
1789991539273,-15.179,-0.92,2.982
1789991541284,-15.84,-1.081,-2.294
1789991543276,-15.827,-1.602,-0.964
1789991545274,-15.071,-2.169,-0.479
1789991547275,-14.186,-2.602,-0.463
1789991549273,-13.425,-2.99,-0.454
1789991551274,-12.578,-3.373,-0.466
1789991553277,-11.742,-3.852,-0.502
1789991555274,-10.969,-4.268,-0.425
1789991557275,-10.152,-4.642,-0.479
1789991559276,-9.287,-5.112,-0.471
1789991561273,-8.389,-5.522,-0.477
1789991563274,-7.585,-5.98,-0.486
1789991565276,-6.705,-6.399,-0.451
1789991567275,-5.867,-6.819,-0.475
1789991569273,-5.12,-7.205,-0.494
1789991571273,-4.679,-7.447,-0.557
1789991573278,-4.808,-7.245,-1.388
1789991575273,-4.663,-6.945,-2.379
1789991577274,-4.742,-7.0,-2.662
1789991579275,-5.368,-7.057,2.927
1789991581286,-6.081,-6.752,2.661
1789991583274,-6.792,-6.364,2.645
1789991585276,-7.558,-5.973,2.664
1789991587274,-8.397,-5.552,2.677
1789991589273,-9.223,-5.102,2.655
1789991591273,-10.029,-4.697,2.688
1789991593274,-10.837,-4.301,2.674
1789991595274,-11.527,-3.929,2.657
1789991597273,-12.234,-3.559,2.7
1789991599274,-13.092,-3.153,2.696
1789991601287,-13.964,-2.724,2.66
1789991603285,-14.705,-2.35,2.649
1789991605273,-15.509,-1.893,2.64
1789991607275,-16.416,-1.395,2.692
1789991609273,-17.188,-1.059,2.715
1789991611274,-17.935,-0.71,2.431
1789991613276,-18.045,-0.251,1.159
1789991615276,-17.661,-0.052,-0.178
1789991617282,-17.094,-0.329,-0.469
1789991619274,-16.855,-0.458,-0.387
1789991621274,-17.105,-0.453,0.189
1789991623279,-17.35,-0.662,1.307
1789991625285,-17.361,-0.78,1.67
1789991627274,-17.462,-0.565,2.271
1789991629292,-17.494,-0.524,2.442
1789991631274,-18.11,-0.291,-2.986
1789991633275,-18.437,-0.604,-1.551
1789991635273,-18.203,-0.914,-0.168
1789991637273,-17.769,-0.857,0.128
1789991639274,-17.072,-0.982,-0.535
1789991641275,-16.606,-1.384,-0.812
1789991643277,-16.32,-1.795,-0.841
1789991645274,-15.552,-2.301,-0.474
1789991647273,-14.708,-2.739,-0.452
1789991649274,-13.925,-3.134,-0.44
1789991651273,-13.206,-3.462,-0.475
1789991653278,-12.321,-3.943,-0.494
1789991655278,-11.567,-4.346,-0.437
1789991657274,-10.766,-4.709,-0.457
1789991659275,-9.912,-5.163,-0.483
1789991661281,-9.021,-5.62,-0.462
1789991663274,-8.143,-6.059,-0.467
1789991665273,-7.326,-6.499,-0.474
1789991667274,-6.457,-6.917,-0.443
1789991669274,-5.659,-7.303,-0.502
1789991671282,-4.949,-7.753,-0.57
1789991673287,-4.134,-8.019,0.112
1789991675274,-3.566,-7.6,1.412
1789991677274,-3.896,-6.93,2.437
1789991679273,-4.582,-6.574,2.799
1789991681274,-5.281,-6.357,2.705
1789991683275,-5.991,-5.971,2.674
1789991685274,-6.691,-5.614,2.683
1789991687274,-7.483,-5.203,2.644
1789991689274,-8.162,-4.852,2.731
1789991691274,-9.052,-4.842,-2.898
1789991693274,-9.96,-4.854,2.779
1789991695273,-10.443,-4.314,1.591
1789991697274,-10.012,-3.888,0.346
1789991699282,-9.165,-3.977,-0.384
1789991701273,-8.261,-4.448,-0.492
1789991703276,-7.404,-4.882,-0.459
1789991705273,-6.488,-5.315,-0.463
1789991707277,-5.705,-5.734,-0.499
1789991709276,-4.939,-6.109,-0.442
1789991711296,-4.303,-6.481,-0.753
1789991713280,-4.05,-7.239,-1.825
1789991715278,-4.529,-7.837,-2.681
1789991717274,-5.243,-7.888,2.897
1789991719274,-5.928,-7.583,2.693
1789991721273,-6.617,-7.205,2.673
1789991723274,-7.365,-6.849,2.685
1789991725274,-8.097,-6.472,2.678
1789991727273,-8.843,-6.1,2.671
1789991729275,-9.638,-5.672,2.663
1789991731274,-10.521,-5.236,2.688
1789991733275,-11.269,-4.849,2.677
1789991735274,-11.968,-4.513,2.668
1789991737273,-12.58,-4.178,2.644
1789991739276,-13.372,-3.76,2.676
1789991741274,-14.221,-3.324,2.689
1789991743274,-14.992,-2.967,2.698
1789991745274,-15.632,-2.632,2.763
1789991747274,-16.304,-2.646,-2.272
1789991749275,-16.346,-3.293,-1.058
1789991751273,-15.684,-3.833,-0.462
1789991753276,-15.063,-4.081,-0.265
1789991755275,-14.264,-3.882,0.783
1789991757279,-14.085,-3.64,1.335
1789991759274,-14.023,-3.907,2.233
1789991761275,-13.987,-3.934,2.391
1789991763274,-14.004,-3.927,2.381
1789991765273,-13.934,-4.004,2.435
1789991767278,-13.682,-4.165,2.703
1789991769273,-13.618,-4.203,2.609
1789991771280,-13.628,-4.196,2.621
1789991773277,-13.544,-4.248,2.478
1789991775276,-13.559,-4.224,2.292
1789991777326,-13.655,-4.085,2.135
1789991779274,-13.797,-3.946,2.677
1789991781274,-13.641,-4.0,3.0
1789991783282,-13.732,-3.986,3.061
1789991785273,-14.335,-3.922,2.986
1789991787274,-14.867,-3.784,2.77
1789991789275,-15.461,-3.466,2.612
1789991791275,-16.117,-3.305,-2.725
1789991793283,-16.355,-3.763,-1.286
1789991795287,-15.971,-4.123,-0.389
1789991797280,-15.261,-4.309,0.098
1789991799273,-15.11,-4.285,0.639
1789991801276,-15.106,-4.286,0.648
1789991803297,-15.106,-4.285,0.649
1789991805273,-15.303,-4.423,0.523
1789991807276,-15.446,-4.491,0.401
1789991809274,-15.242,-4.339,0.93
1789991811274,-15.301,-4.42,1.065
1789991813279,-15.292,-4.392,1.204
1789991815274,-15.081,-3.785,1.51
1789991817274,-15.289,-3.217,2.38
1789991819274,-15.6,-3.005,2.684
1789991821274,-15.798,-2.959,3.049
1789991823278,-16.337,-3.325,-1.927
1789991825277,-16.193,-3.767,-0.464
1789991827274,-15.707,-3.634,0.893
1789991829274,-15.476,-2.871,1.545
1789991831274,-15.373,-2.085,1.25
1789991833295,-15.088,-1.205,1.289
1789991835284,-14.877,-0.466,1.198
1789991837278,-14.409,0.27,0.924
1789991839313,-14.154,0.941,1.801
1789991841275,-14.135,0.967,2.071
1789991843277,-14.139,0.986,2.254
1789991845275,-14.222,1.564,1.356
1789991847274,-14.237,1.628,0.982
1789991849275,-14.563,1.499,-0.135
1789991851275,-14.519,1.481,-0.373
1789991853276,-14.021,1.223,-0.442
1789991855274,-13.913,1.179,-0.416
1789991857274,-13.768,1.057,-0.901
1789991859275,-13.754,1.033,-1.04
1789991861278,-13.777,1.064,-1.042
1789991863277,-13.819,1.274,-1.662
1789991865273,-13.835,1.028,-1.78
1789991867274,-13.873,0.838,-1.805
1789991869273,-14.017,0.259,-1.724
1789991871276,-14.153,-0.636,-1.812
1789991875274,-14.466,-1.707,-1.647
1789991877274,-14.489,-1.587,-1.204
1789991873277,-14.429,-1.556,-1.773
1789991879273,-14.289,-1.878,-0.956
1789991881274,-13.764,-2.513,-0.583
1789991883276,-13.027,-2.738,-0.088
1789991885275,-12.128,-2.808,-0.213
1789991887275,-11.395,-3.105,-0.508
1789991889273,-10.62,-3.574,-0.416
1789991891274,-9.714,-3.739,0.001
1789991893275,-8.867,-3.719,-0.217
1789991895274,-8.044,-4.014,-0.171
1789991897275,-7.469,-4.059,-0.04
1789991899276,-6.881,-4.088,-0.09
1789991901274,-7.052,-4.004,-0.641
1789991903284,-7.271,-3.761,-0.672
1789991905274,-7.241,-3.787,-0.637
1789991907274,-7.364,-3.685,-0.511
1789991909273,-6.803,-3.996,-0.471
1789991911274,-6.087,-4.279,-0.178
1789991913276,-5.963,-4.302,0.189
1789991915273,-6.074,-4.327,0.513
1789991917287,-5.904,-4.226,0.954
1789991919275,-5.961,-3.744,2.205
1789991921273,-6.638,-3.246,2.692
1789991923275,-7.324,-2.925,2.554
1789991925336,-7.582,-2.672,1.862
1789991927274,-7.57,-2.763,1.857
1789991929274,-7.57,-2.962,1.34
1789991931275,-7.553,-2.929,1.358
1789991933281,-7.558,-2.97,1.343
1789991935274,-7.702,-3.293,1.016
1789991937275,-7.696,-3.275,1.007
1789991939273,-7.215,-2.89,0.583
1789991941274,-6.627,-2.472,0.59
1789991943277,-6.752,-2.535,0.295
1789991945274,-6.805,-2.546,0.068
1789991947275,-6.308,-2.686,-0.653
1789991949274,-6.2,-2.828,-1.117
1789991951274,-6.187,-3.383,-1.886
1789991953274,-6.57,-3.668,3.042
1789991955274,-7.114,-3.426,2.62
1789991957275,-7.258,-3.047,1.271
1789991959274,-6.931,-2.819,-0.045
1789991961274,-6.433,-2.974,-0.183
1789991963276,-6.336,-3.027,0.292
1789991965274,-6.475,-3.124,0.822
1789991967274,-6.363,-2.836,1.5
1789991969274,-6.626,-2.122,2.425
1789991971275,-7.137,-1.729,2.331
1789991973279,-7.335,-1.073,1.199
1789991975273,-6.93,-0.855,-0.13
1789991977277,-6.105,-1.197,-0.481
1789991979274,-5.513,-1.575,-0.754
1789991981274,-5.436,-2.05,-2.062
1789991983278,-5.871,-2.22,2.878
1789991985274,-6.438,-1.87,2.543
1789991987279,-7.059,-1.47,2.481
1789991989273,-7.376,-0.81,1.472
1789991991274,-7.064,-0.496,0.098
1789991993275,-6.201,-0.718,-0.455
1789991995274,-5.463,-1.133,-0.54
1789991997274,-5.127,-1.627,-1.658
1789991999276,-5.476,-1.957,-3.119
1789992001275,-6.158,-1.614,2.545
1789992003274,-6.776,-1.281,2.793
1789992005273,-7.358,-0.818,2.042
1789992007273,-7.308,-0.274,0.704
1789992009274,-6.498,-0.182,-0.253
1789992011274,-5.644,-0.622,-0.526
1789992013281,-5.006,-1.007,-0.521
1789992015275,-4.238,-1.119,0.457
1789992017277,-3.892,-0.621,1.704
1789992019274,-4.427,-0.039,2.588
1789992021274,-5.297,0.38,2.703
1789992023285,-6.154,0.796,2.664
1789992025274,-6.88,1.15,2.827
1789992027274,-7.39,1.06,-2.263
1789992029274,-7.404,0.521,-0.899
1789992031274,-6.682,0.193,-0.288
1789992033276,-5.822,-0.164,-0.453
1789992035275,-5.064,-0.54,-0.495
1789992037281,-4.305,-0.837,0.014
1789992039274,-3.836,-0.503,1.143
1789992041273,-3.991,0.069,2.412
1789992043277,-4.825,0.541,2.7
1789992045273,-5.69,0.937,2.693
1789992047274,-6.464,1.367,2.671
1789992049273,-7.154,1.556,-3.029
1789992051274,-7.493,1.25,-1.767
1789992053278,-7.225,0.796,-0.469
1789992055279,-6.374,0.463,-0.397
1789992057274,-5.502,0.06,-0.47
1789992059278,-4.772,-0.315,-0.372
1789992061273,-4.031,-0.331,0.602
1789992063275,-3.821,0.238,1.808
1789992065275,-4.43,0.777,2.679
1789992067275,-5.315,1.164,2.734
1789992069275,-6.146,1.575,2.637
1789992071273,-6.8,1.927,2.727
1789992073279,-6.913,1.973,2.724
1789992075274,-7.39,2.353,2.038
1789992077273,-7.283,2.728,0.583
1789992079293,-6.806,2.663,-0.82
1789992081275,-6.753,2.012,-1.807
1789992083282,-7.037,1.086,-1.802
1789992085275,-7.185,0.098,-1.655
1789992087279,-7.166,-0.733,-1.454
1789992089274,-6.969,-1.494,-1.267
1789992091283,-6.819,-2.251,-1.69
1789992093277,-7.202,-2.925,-2.362
1789992095273,-7.642,-3.321,-2.348
1789992097276,-7.719,-3.818,-1.409
1789992099276,-7.645,-4.178,-1.416
1789992101274,-7.639,-4.074,-1.746
1789992103275,-7.901,-4.496,-2.261
1789992105274,-8.494,-5.258,-2.153
1789992107273,-8.757,-6.111,-1.551
1789992109284,-8.624,-6.62,-0.778
1789992111275,-8.356,-6.792,-0.362
1789992113276,-7.612,-7.127,-0.467
1789992115273,-6.857,-7.566,-0.471
1789992117273,-6.104,-7.88,-0.392
1789992119274,-5.391,-8.224,-0.482
1789992121279,-4.748,-8.808,-1.182
1789992123275,-4.803,-9.456,-2.414
1789992125274,-5.576,-9.529,2.775
1789992127274,-6.314,-9.098,2.519
1789992129274,-6.94,-8.669,2.573
1789992131275,-7.564,-8.321,2.779
1789992133285,-8.288,-8.089,2.612
1789992135279,-8.616,-7.596,1.495
1789992137273,-8.247,-7.319,0.038
1789992139275,-7.427,-7.63,-0.445
1789992141275,-6.764,-7.996,-0.43
1789992143276,-6.044,-8.32,-0.44
1789992145274,-5.247,-8.703,-0.657
1789992147274,-4.933,-9.467,-1.936
1789992149283,-5.441,-9.839,-3.133
1789992151274,-6.237,-9.541,2.583
1789992153277,-6.965,-9.065,2.592
1789992155276,-7.59,-8.711,2.736
1789992157274,-8.27,-8.422,2.475
1789992159278,-8.387,-7.932,1.026
1789992161274,-7.806,-7.843,-0.262
1789992163287,-7.045,-8.227,-0.476
1789992165275,-6.353,-8.579,-0.398
1789992167303,-5.583,-8.911,-0.532
1789992169274,-5.148,-9.603,-1.727
1789992171277,-5.685,-10.102,-3.06
1789992173280,-6.448,-9.831,2.578
1789992175275,-7.18,-9.344,2.555
1789992177273,-7.781,-8.956,2.574
1789992179275,-8.316,-8.901,-2.53
1789992181273,-8.471,-9.336,-1.104
1789992189275,-6.749,-9.902,-0.571
1789992183283,-8.023,-9.608,-0.136
1789992185274,-7.191,-9.714,-0.284
1789992187276,-6.861,-9.842,-0.476
1789992191275,-6.068,-10.309,-0.197
1789992193275,-5.436,-9.928,1.127
1789992195275,-5.565,-9.14,2.373
1789992197274,-6.365,-9.079,-2.594
1789992199275,-6.994,-9.747,-2.164
1789992201273,-7.541,-10.497,-2.3
1789992203275,-8.235,-11.178,-2.328
1789992205276,-8.913,-11.856,-2.486
1789992207274,-9.576,-12.219,-2.615
1789992209274,-10.26,-12.602,-2.766
1789992211287,-11.054,-12.662,2.988
1789992213285,-11.981,-12.51,3.052
1789992215274,-13.017,-12.561,-3.025
1789992217276,-13.914,-12.66,-3.071
1789992221278,-15.829,-12.816,-3.098
1789992223276,-16.815,-12.863,-3.019
1789992225274,-17.748,-12.977,-3.063
1789992219274,-14.89,-12.77,-3.032
1789992227276,-18.739,-13.038,-3.115
1789992229275,-19.707,-13.103,-3.05
1789992231274,-20.672,-13.144,-3.08
1789992233279,-21.591,-13.231,-3.044
1789992235290,-22.378,-13.25,3.098
1789992237273,-23.006,-13.18,3.139
1789992239274,-23.658,-13.265,-3.001
1789992241274,-24.262,-13.342,-2.878
1789992243274,-24.714,-13.567,-2.581
1789992245273,-25.138,-13.953,-2.172
1789992247274,-25.214,-14.075,-2.015
1789992249277,-25.269,-14.182,-2.036
1789992251274,-25.182,-14.043,-2.435
1789992253275,-25.406,-14.194,-2.476
1789992255275,-25.807,-14.579,-2.256
1789992257274,-26.175,-15.023,-2.329
1789992259273,-26.617,-15.439,-2.333
1789992261275,-26.969,-15.869,-2.165
1789992263278,-27.278,-16.374,-2.118
1789992265274,-27.639,-17.08,-1.907
1789992267274,-27.853,-17.823,-1.8
1789992269287,-28.076,-18.555,-1.919
1789992271278,-28.385,-19.266,-2.18
1789992273279,-28.865,-19.794,-2.284
1789992275274,-29.228,-20.233,-2.173
1789992277275,-29.603,-20.837,-2.192
1789992279274,-30.065,-21.43,-2.285
1789992281275,-30.57,-22.044,-2.199
1789992283275,-31.055,-22.663,-2.288
1789992285274,-31.588,-23.22,-2.285
1789992287273,-32.105,-23.817,-2.285
1789992289274,-32.483,-24.225,-2.359
1789992291275,-32.966,-24.679,-2.288
1789992293275,-33.279,-25.291,-1.8
1789992295286,-33.342,-25.84,-1.692
1789992297275,-33.548,-26.32,-2.236
1789992299275,-33.717,-26.837,-1.449
1789992301274,-33.414,-27.546,-1.079
1789992303285,-32.977,-28.213,-0.771
1789992305274,-32.333,-28.354,0.423
1789992307274,-31.935,-27.97,1.095
1789992309276,-32.007,-28.111,1.287
1789992311274,-31.913,-27.825,1.209
1789992313277,-31.851,-27.725,1.295
1789992315275,-31.861,-27.682,1.357
1789992317274,-31.895,-27.841,1.296
1789992323278,-31.912,-27.873,1.927
1789992321276,-31.92,-27.866,1.575
1789992319281,-31.908,-27.863,1.273
1789992325281,-31.875,-27.973,1.956
1789992327273,-31.861,-27.612,1.329
1789992329276,-31.707,-27.112,1.285
1789992331273,-31.552,-26.58,1.129
1789992333275,-31.236,-26.129,0.824
1789992335274,-30.856,-25.72,0.869
1789992337274,-30.489,-25.285,0.858
1789992339275,-30.112,-24.839,0.876
1789992341276,-29.758,-24.423,0.873
1789992343288,-29.375,-24.007,0.778
1789992345280,-29.179,-23.836,0.599
1789992347279,-28.734,-23.572,0.48
1789992349274,-28.197,-23.366,0.387
1789992351284,-27.687,-23.136,0.418
1789992353277,-27.153,-23.083,-0.186
1789992355275,-26.574,-23.298,-0.463
1789992357274,-26.018,-23.557,-0.487
1789992359273,-25.476,-23.628,0.037
1789992361309,-24.991,-23.428,0.619
1789992363283,-24.55,-23.103,0.998
1789992365275,-24.462,-22.875,1.898
1789992367274,-24.543,-22.746,2.369
1789992369275,-24.919,-22.318,2.123
1789992371276,-25.089,-21.799,2.111
1789992373290,-25.606,-21.278,2.379
1789992375274,-26.059,-20.773,2.278
1789992377274,-26.328,-20.423,2.276
1789992379276,-26.531,-20.088,1.995
1789992381275,-26.699,-19.528,1.767
1789992383284,-26.748,-18.948,1.664
1789992385275,-26.812,-18.208,1.592
1789992387276,-26.818,-17.464,1.619
1789992389279,-26.7,-16.874,1.255
1789992391280,-26.415,-16.445,0.781
1789992393274,-26.156,-16.229,0.681
1789992395273,-25.626,-15.755,0.772
1789992397274,-25.235,-15.339,1.082
1789992399273,-25.262,-14.899,2.342
1789992401280,-25.937,-14.767,-2.897
1789992403295,-26.514,-15.121,-2.289
1789992405278,-26.842,-15.647,-2.087
1789992407277,-27.22,-16.284,-2.134
1789992409276,-27.596,-16.976,-1.947
1789992411290,-27.818,-17.734,-1.806
1789992413311,-27.875,-17.925,-1.829
1789992415277,-27.868,-18.516,-1.449
1789992417283,-27.863,-18.931,-1.833
1789992419290,-28.321,-19.709,-2.195
1789992421291,-28.944,-20.464,-2.211
1789992423277,-29.484,-21.269,-2.23
1789992425274,-30.098,-22.004,-2.273
1789992427281,-30.728,-22.792,-2.22
1789992429293,-31.339,-23.53,-2.286
1789992431275,-31.887,-24.083,-2.361
1789992433275,-32.433,-24.661,-2.305
1789992435276,-32.901,-25.293,-1.926
1789992437275,-33.05,-26.003,-1.815
1789992439284,-33.238,-26.752,-1.655
1789992441279,-33.03,-27.491,-1.051
1789992443277,-32.589,-27.983,-0.23
1789992445295,-32.201,-27.791,1.104
1789992447274,-31.995,-27.067,1.33
1789992449274,-31.815,-26.541,1.048
1789992451273,-31.399,-26.005,0.872
1789992453287,-30.866,-25.423,0.833
1789992455278,-30.398,-24.816,0.978
1789992457274,-29.928,-24.161,0.821
1789992459293,-29.314,-23.653,0.547
1789992461274,-28.673,-23.376,0.341
1789992463284,-27.939,-23.133,0.364
1789992465298,-27.376,-22.953,0.22
1789992467298,-26.569,-22.991,-0.186
1789992469274,-25.87,-23.28,-0.584
1789992471273,-25.214,-23.549,-0.122
1789992473279,-24.707,-23.361,0.901
1789992475274,-24.626,-22.978,2.012
1789992477279,-24.716,-22.818,2.309
1789992479274,-25.103,-22.435,2.271
1789992481307,-25.465,-22.023,2.247
1789992483288,-25.608,-21.891,2.532
1789992485285,-25.747,-21.708,2.139
1789992487274,-25.814,-21.599,2.143
1789992489279,-25.685,-21.726,2.392
1789992491274,-25.596,-21.783,2.552
1789992493276,-25.594,-21.777,2.551
1789992495274,-25.602,-21.785,2.552
1789992497290,-25.593,-21.786,2.552
1789992499274,-25.584,-21.769,2.551
1789992501274,-25.595,-21.747,2.55
1789992503276,-25.597,-21.779,2.551
1789992505274,-25.803,-21.603,2.341
1789992507276,-26.38,-20.922,2.188
1789992509274,-26.804,-20.159,1.928
1789992511273,-27.034,-19.412,1.796
1789992513275,-27.116,-18.505,1.548
1789992515274,-27.106,-17.765,1.578
1789992517277,-27.124,-17.08,1.464
1789992519273,-26.802,-16.401,0.862
1789992521276,-26.415,-16.042,0.646
1789992523275,-25.914,-15.701,0.65
1789992525280,-25.555,-15.177,1.563
1789992527287,-25.535,-15.25,1.825
1789992529274,-25.507,-15.279,2.074
1789992531273,-25.918,-15.106,-2.85
1789992533282,-26.382,-15.528,-2.205
1789992535273,-26.726,-16.003,-2.206
1789992537273,-27.146,-16.619,-2.049
1789992539273,-27.394,-17.48,-1.764
1789992541273,-27.604,-18.213,-1.886
1789992543290,-27.915,-19.131,-2.01
1789992545276,-28.464,-19.882,-2.271
1789992547273,-29.079,-20.648,-2.179
1789992549273,-29.22,-20.882,-1.992
1789992551275,-29.335,-21.384,-1.815
1789992553277,-29.621,-21.911,-2.158
1789992555280,-30.17,-22.676,-2.199
1789992557274,-30.793,-23.454,-2.292
1789992559275,-31.472,-24.187,-2.34
1789992561274,-32.13,-24.865,-2.312
1789992563277,-32.585,-25.56,-1.905
1789992565274,-32.796,-26.512,-1.691
1789992567282,-32.675,-27.406,-1.005
1789992569274,-32.567,-27.541,-0.461
1789992571273,-32.74,-27.504,0.091
1789992573276,-32.506,-27.383,0.867
1789992575274,-32.29,-26.775,1.239
1789992577276,-31.786,-25.956,0.91
1789992579300,-31.193,-25.198,0.867
1789992581275,-30.558,-24.434,0.906
1789992583275,-29.922,-23.697,0.781
1789992585274,-29.169,-23.18,0.419
1789992587282,-28.38,-22.874,0.343
1789992589274,-27.688,-22.614,0.277
1789992591274,-26.798,-22.723,-0.005
1789992593283,-26.052,-22.681,-0.511
1789992595275,-25.681,-23.098,-0.831
1789992597274,-25.234,-23.227,0.514
1789992599273,-25.078,-22.875,1.933
1789992601274,-25.434,-22.487,2.446
1789992603276,-26.02,-21.931,2.301
1789992605275,-26.532,-21.328,2.221
1789992607273,-26.999,-20.593,2.012
1789992609279,-27.333,-19.708,1.908
1789992611274,-27.481,-19.283,1.998
1789992613275,-27.324,-19.424,2.747
1789992615275,-27.549,-19.409,-2.896
1789992617274,-27.967,-19.801,-2.207
1789992619274,-28.568,-20.583,-2.248
1789992621273,-29.118,-21.255,-2.176
1789992623281,-29.656,-22.027,-2.238
1789992625275,-30.279,-22.799,-2.215
1789992627280,-30.77,-23.411,-2.285
1789992629274,-31.084,-23.962,-2.064
1789992631273,-31.611,-24.801,-2.185
1789992633282,-32.117,-25.584,-2.212
1789992635274,-32.499,-26.084,-2.401
1789992637291,-32.901,-26.087,2.451
1789992639274,-32.972,-25.693,1.079
1789992641275,-32.497,-25.298,0.668
1789992643278,-32.098,-24.752,1.301
1789992645274,-31.829,-24.05,0.946
1789992647273,-31.104,-23.837,-0.436
1789992649286,-30.781,-24.333,-1.472
1789992651276,-30.995,-24.988,-2.188
1789992653278,-31.403,-25.427,-2.407
1789992655274,-31.723,-25.776,-2.35
1789992657273,-31.713,-25.763,-2.412
1789992659274,-31.424,-25.687,2.92
1789992661274,-31.555,-25.605,2.454
1789992663275,-31.666,-25.496,1.957
1789992665280,-31.645,-25.648,1.483
1789992667274,-31.46,-25.239,0.995
1789992669287,-30.944,-24.461,0.966
1789992671275,-30.357,-23.653,0.969
1789992673276,-29.755,-22.794,0.985
1789992675276,-29.215,-22.004,0.963
1789992677284,-28.773,-21.264,0.909
1789992679274,-28.157,-20.493,0.933
1789992681284,-27.661,-19.797,0.911
1789992683275,-27.172,-19.524,-0.186
1789992685274,-26.987,-19.62,-0.807
1789992687298,-26.872,-20.13,-1.681
1789992689273,-27.192,-20.871,-2.131
1789992691274,-27.76,-21.675,-2.152
1789992693276,-28.227,-22.399,-2.168
1789992695280,-28.592,-22.885,-2.17
1789992697273,-29.017,-23.508,-2.221
1789992699274,-29.512,-23.863,3.04
1789992701285,-29.791,-23.586,1.594
1789992703275,-29.409,-22.945,0.92
1789992705273,-28.87,-22.147,0.987
1789992707277,-28.34,-21.33,0.982
1789992709275,-27.774,-20.548,0.939
1789992711301,-27.291,-19.968,0.563
1789992713276,-26.879,-20.038,-0.751
1789992715288,-26.782,-20.475,-1.688
1789992717274,-27.049,-21.23,-2.075
1789992719274,-27.569,-21.995,-2.133
1789992721274,-27.945,-22.576,-2.294
1789992723286,-28.655,-22.918,3.061
1789992725274,-29.062,-22.757,2.275
1789992727274,-29.028,-22.846,1.922
1789992729274,-29.055,-23.075,1.144
1789992731273,-28.834,-22.732,1.005
1789992733278,-28.352,-21.959,0.965
1789992735279,-27.789,-21.201,0.95
1789992737277,-27.307,-20.522,0.819
1789992739300,-26.817,-20.317,-0.344
1789992741275,-26.78,-20.308,-0.64
1789992743276,-26.919,-20.109,-1.116
1789992745274,-26.734,-20.453,-1.086
1789992747273,-26.571,-21.014,-1.69
1789992749274,-26.935,-21.795,-2.158
1789992751276,-27.26,-22.312,-1.84
1789992753285,-27.149,-22.747,-0.737
1789992755275,-26.519,-22.765,0.502
1789992757275,-25.954,-22.206,1.077
1789992759274,-26.002,-21.755,2.331
1789992761275,-26.405,-21.663,-2.636
1789992763291,-26.415,-21.658,-2.669
1789992765278,-26.415,-21.656,-2.67
1789992767274,-26.413,-21.661,-2.366
1789992769277,-26.416,-21.644,-1.384
1789992771273,-26.292,-22.18,-1.324
1789992773295,-26.128,-22.817,-1.357
1789992775274,-26.079,-22.989,-1.203
1789992777274,-26.063,-22.995,0.058
1789992779275,-26.042,-23.004,0.795
1789992781275,-25.777,-22.578,1.022
1789992783276,-25.514,-22.182,0.622
1789992785276,-25.744,-22.267,-0.023
1789992787274,-26.033,-22.033,-1.181
1789992789273,-25.988,-21.723,-2.197
1789992791274,-26.175,-21.947,-2.23
1789992793279,-26.521,-22.55,-1.653
1789992795274,-26.206,-23.095,-0.503
1789992797277,-25.669,-22.952,0.79
1789992799273,-25.266,-22.418,1.167
1789992801273,-25.217,-22.177,1.777
1789992803274,-24.973,-22.391,2.885
1789992805276,-24.733,-22.338,-2.553
1789992807275,-24.894,-22.502,-2.255
1789992809278,-25.26,-23.058,-2.194
1789992811275,-25.415,-23.269,-2.191
1789992813280,-25.4,-23.242,-2.166
1789992815274,-25.366,-23.174,-1.954
1789992817274,-25.277,-23.524,-0.732
1789992819277,-25.203,-23.609,-0.164
1789992821273,-25.366,-23.608,0.294
1789992823275,-25.086,-23.535,0.306
1789992825275,-24.681,-23.247,1.005
1789992827273,-24.739,-23.385,1.338
1789992829285,-24.738,-23.408,1.413
1789992831275,-24.822,-23.119,2.252
1789992833280,-25.433,-22.647,2.413
1789992835285,-26.114,-21.962,2.355
1789992837274,-26.69,-21.185,1.932
1789992839274,-26.883,-20.387,1.716
1789992841298,-27.007,-19.41,1.675
1789992843281,-27.027,-18.5,1.604
1789992845273,-27.079,-17.632,1.647
1789992847309,-26.998,-17.002,1.29
1789992849276,-26.746,-16.312,1.114
1789992851273,-26.45,-15.745,1.187
1789992853294,-26.381,-15.564,1.144
1789992855274,-26.354,-15.515,1.102
1789992857295,-26.109,-14.947,1.24
1789992859274,-25.908,-14.363,1.163
1789992861274,-25.91,-14.364,1.163
1789992863275,-25.739,-14.127,0.851
1789992865274,-25.317,-13.705,0.794
1789992867275,-24.773,-13.299,0.528
1789992869273,-24.157,-13.196,-0.136
1789992871274,-23.802,-13.235,0.088
1789992875273,-22.644,-13.214,-0.156
1789992873276,-23.284,-13.137,0.052
1789992877274,-21.622,-13.252,0.066
1789992879273,-20.652,-13.126,0.255
1789992881273,-19.757,-12.802,0.387
1789992883277,-18.832,-12.444,0.303
1789992885273,-17.879,-12.152,0.335
1789992887275,-16.974,-11.857,0.248
1789992889274,-16.022,-11.657,0.213
1789992891276,-15.199,-11.496,-0.021
1789992893288,-14.277,-11.566,0.101
1789992895277,-13.551,-11.345,0.385
1789992897274,-12.664,-11.075,0.262
1789992899273,-11.833,-10.93,0.055
1789992901277,-11.109,-10.844,0.242
1789992903286,-10.386,-10.643,0.238
1789992905273,-9.584,-10.412,0.485
1789992907275,-8.929,-9.893,0.712
1789992909274,-8.317,-9.385,0.571
1789992911274,-7.524,-9.028,0.343
1789992913278,-6.731,-8.765,0.361
1789992915274,-5.947,-8.445,0.421
1789992917275,-5.268,-8.062,0.689
1789992919275,-4.682,-7.399,0.932
1789992921273,-4.189,-6.759,0.933
1789992923283,-3.683,-6.138,0.725
1789992925274,-3.092,-5.637,0.713
1789992927275,-2.5,-5.063,0.804
1789992929275,-1.856,-4.424,0.723
1789992931275,-1.092,-3.827,0.653
1789992933280,-0.338,-3.25,0.552
1789992935278,0.523,-2.904,0.182
1789992937276,1.458,-2.848,0.021
1789992939273,1.65,-2.843,0.031
1789992941274,2.545,-2.756,0.05
1789992943275,3.475,-2.747,0.035
1789992945276,4.121,-2.636,0.434
1789992947275,4.655,-2.293,0.607
1789992949275,4.941,-2.087,0.541
1789992951274,4.765,-2.231,1.137
1789992953281,4.748,-2.362,1.536
1789992955277,4.86,-2.088,0.723
1789992957274,5.36,-1.862,0.067
1789992959280,5.902,-1.979,-0.274
1789992961274,6.558,-2.064,-0.097
1789992963276,7.122,-2.114,-0.077
1789992965275,7.716,-2.177,-0.082
1789992967278,8.366,-2.049,0.34
1789992969276,8.879,-1.695,0.782
1789992971274,9.243,-1.282,0.988
1789992973288,9.589,-0.791,0.994
1789992975277,9.872,-0.198,1.285
1789992977276,9.993,0.57,1.6
1789992979282,9.961,1.311,1.623
1789992981287,9.946,2.066,1.454
1789992983288,10.065,2.802,1.367
1789992985275,10.254,3.589,1.233
1789992987278,10.529,4.278,1.117
1789992989291,10.925,4.958,1.0
1789992991290,11.373,5.58,0.904
1789992993284,11.836,6.118,0.838
1789992995278,12.333,6.679,0.885
1789992997281,12.8,7.227,0.884
1789992999274,13.268,7.808,0.852
1789993001273,13.759,8.369,1.066
1789993003277,13.806,9.125,1.912
1789993005274,13.373,9.771,2.238
1789993007274,12.866,10.351,2.43
1789993009273,12.406,10.442,-2.719
1789993011275,11.927,9.955,-2.194
1789993013286,11.583,9.459,-2.208
1789993015275,11.195,8.988,-2.177
1789993017277,10.86,8.279,-1.885
1789993019274,10.641,7.547,-1.862
1789993021275,10.394,6.793,-1.874
1789993023284,10.183,6.077,-1.864
1789993025274,9.96,5.342,-1.88
1789993027286,9.718,4.612,-1.893
1789993029274,9.447,3.923,-2.04
1789993031282,9.082,3.275,-2.083
1789993033283,8.748,2.659,-2.089
1789993035285,8.348,2.023,-2.206
1789993037275,7.898,1.46,-2.222
1789993039319,7.433,0.872,-2.293
1789993041275,6.941,0.366,-2.373
1789993043279,6.386,-0.204,-2.264
1789993045275,5.929,-0.813,-2.172
1789993047275,5.378,-1.361,-2.56
1789993051274,4.557,-2.266,-2.006
1789993053275,4.382,-2.507,-2.61
1789993059274,3.526,-2.995,-1.033
1789993063276,3.973,-3.125,0.131
1789993049280,4.773,-1.844,-2.155
1789993065274,4.424,-2.859,0.816
1789993061275,3.501,-2.982,-0.872
1789993055276,3.844,-2.879,-2.466
1789993057298,3.587,-3.204,-1.635
1789993067273,4.757,-2.412,0.905
1789993069278,5.048,-2.048,0.618
1789993071278,5.434,-1.91,0.04
1789993073275,6.056,-2.052,-0.206
1789993075274,6.6,-2.077,-0.065
1789993077283,6.799,-2.054,0.127
1789993079274,7.33,-1.946,0.278
1789993083280,8.656,-1.542,0.642
1789993081276,7.93,-1.852,0.133
1789993085274,9.136,-0.973,1.075
1789993087273,9.476,-0.28,1.245
1789993089273,9.63,0.53,1.567
1789993091274,9.567,1.516,1.599
1789993093284,9.656,2.464,1.392
1789993095275,9.852,3.393,1.303
1789993097275,10.172,4.353,1.148
1789993099274,10.676,5.212,0.99
1789993101274,11.254,5.958,0.872
1789993103280,11.886,6.696,0.881
1789993105275,12.511,7.441,0.861
1789993107275,13.074,8.116,0.862
1789993109274,13.472,8.79,1.457
1789993111274,13.195,9.427,2.204
1789993113280,12.696,9.974,2.695
1789993115275,12.243,9.875,-2.326
1789993117275,11.823,9.247,-2.139
1789993119274,11.384,8.591,-2.058
1789993121273,11.043,7.663,-1.864
1789993123275,10.741,6.725,-1.874
1789993125274,10.463,5.805,-1.867
1789993127274,10.17,4.885,-1.88
1789993129273,9.872,3.95,-1.994
1789993131275,9.409,3.161,-2.089
1789993133275,8.987,2.373,-2.092
1789993135277,8.461,1.611,-2.204
1789993137274,7.932,0.897,-2.197
1789993139303,7.33,0.231,-2.41
1789993141274,6.634,-0.434,-2.244
1789993143278,6.077,-1.159,-2.187
1789993145274,5.862,-1.457,-2.084
1789993147288,5.902,-1.313,-1.677
1789993149273,5.923,-1.465,-1.233
1789993151278,6.426,-1.701,-0.106
1789993153275,7.135,-1.784,-0.063
1789993155274,7.919,-1.808,-0.031
1789993157275,8.68,-1.545,0.648
1789993159277,9.15,-0.973,1.064
1789993161275,9.271,-0.746,1.145
1789993163275,9.307,-0.196,1.714
1789993165274,9.241,0.401,1.673
1789993167279,9.206,1.375,1.584
1789993169274,9.368,1.968,0.991
1789993171274,9.7,2.701,1.346
1789993173278,9.912,3.67,1.291
1789993175276,10.252,4.578,1.079
1789993177274,10.776,5.406,0.968
1789993179274,11.258,6.251,1.147
1789993181274,11.717,7.051,0.901
1789993183277,12.332,7.741,0.865
1789993185274,12.928,8.482,0.939
1789993187274,13.008,9.1,2.051
1789993189273,12.499,9.443,-2.975
1789993191275,12.086,9.088,-2.13
1789993193280,11.604,8.22,-1.966
1789993195274,11.296,7.282,-1.869
1789993197283,10.923,6.404,-2.157
1789993199274,10.46,5.663,-1.973
1789993201280,10.157,4.76,-1.882
1789993203274,9.847,3.839,-2.018
1789993205273,9.358,3.0,-2.055
1789993207274,9.012,2.152,-1.88
1789993209275,8.655,1.315,-2.108
1789993211273,8.129,0.579,-2.235
1789993213277,7.518,-0.057,-2.422
1789993215277,6.838,-0.754,-2.204
1789993217274,6.6,-1.07,-2.101
1789993219274,6.629,-0.972,-1.838
1789993221273,6.705,-1.293,-0.791
1789993223276,7.301,-1.429,-0.059
1789993225273,8.21,-1.413,0.266
1789993227275,8.774,-0.894,0.993
1789993229280,9.171,-0.084,1.278
1789993231278,9.29,0.884,1.62
1789993233276,9.237,1.704,1.344
1789993235274,9.49,2.188,1.0
1789993237274,9.641,2.485,1.28
1789993239277,9.642,2.41,1.697
1789993241274,9.84,2.192,2.739
1789993243280,9.726,2.22,3.117
1789993245275,9.127,1.814,-2.228
1789993247277,8.597,1.011,-2.091
1789993249277,8.171,0.215,-2.067
1789993251273,7.697,-0.591,-2.118
1789993253276,7.343,-1.148,-2.009
1789993255274,7.299,-1.757,-0.981
1789993257274,7.797,-1.895,0.389
1789993259274,8.226,-1.271,1.141
1789993261276,8.574,-0.495,1.034
1789993263285,9.0,0.158,1.105
1789993265276,8.99,1.076,2.244
1789993267273,8.334,1.318,-2.987
1789993269274,7.872,0.866,-2.005
1789993271274,7.543,-0.006,-1.978
1789993273274,7.187,-0.709,-2.053
1789993275277,7.034,-1.221,-1.266
1789993277274,7.406,-1.465,0.11
1789993279273,7.904,-0.986,1.055
1789993281275,8.004,-0.744,1.049
1789993283278,8.528,0.006,1.005
1789993285285,8.924,0.698,1.086
1789993287279,9.056,0.933,1.053
1789993289274,9.331,1.463,1.094
1789993291273,9.419,1.832,1.629
1789993293281,9.335,2.58,1.484
1789993295275,9.654,3.36,0.943
1789993297274,10.005,3.974,1.361
1789993299275,10.272,4.863,1.054
1789993301276,10.791,5.676,1.095
1789993303278,11.065,6.297,1.139
1789993305274,11.355,6.805,1.016
1789993307274,11.867,7.651,1.032
1789993309298,12.357,8.492,1.037
1789993311274,12.685,9.14,1.254
1789993313292,12.793,9.532,1.197
1789993315278,12.71,9.421,0.811
1789993317275,13.038,9.512,-0.198
1789993319282,13.293,9.173,-1.655
1789993321282,12.9,8.618,-2.281
1789993323281,12.543,7.963,-1.73
1789993325274,12.501,7.229,-1.84
1789993327275,12.018,6.691,-2.941
1789993329286,11.472,6.971,2.067
1789993331274,11.51,7.783,1.176
1789993333275,11.983,8.612,1.0
1789993335274,12.376,9.201,1.004
1789993337639,12.477,9.343,1.018
1789993339847,12.482,9.348,1.02
1789993341854,12.398,9.243,0.748
1789993343847,12.548,9.357,0.548
1789993345850,12.88,9.719,1.446
1789993347848,12.611,10.094,2.957
1789993349848,12.209,9.875,-1.894
1789993351847,12.198,9.231,-1.549
1789993353848,12.007,8.309,-1.939
1789993355848,11.6,7.411,-2.032
1789993357848,11.153,6.534,-2.101
1789993359847,10.613,5.757,-2.187
1789993361847,10.355,5.237,-1.723
1789993363847,10.205,4.438,-1.94
1789993365849,9.726,3.636,-2.158
1789993367849,9.312,2.913,-2.047
1789993369849,8.805,2.198,-2.368
1789993371849,8.283,1.468,-2.083
1789993373848,7.774,0.734,-2.376
1789993375848,7.035,0.211,-2.576
1789993377847,6.275,-0.368,-2.337
1789993379849,5.761,-0.981,-2.235
1789993381847,5.258,-1.603,-2.296
1789993383853,4.715,-2.186,-2.39
1789993385850,3.982,-2.553,-3.024
1789993387856,3.012,-2.426,2.925
1789993389849,2.062,-2.231,2.892
1789993391848,1.121,-1.946,2.826
1789993393847,0.17,-1.781,-3.113
1789993395847,-0.658,-1.67,2.391
1789993397848,-0.765,-1.314,1.209
1789993399848,-0.776,-1.311,1.211
1789993401856,-0.762,-1.297,1.215
1789993403847,-0.674,-1.031,1.329
1789993405848,-0.649,-0.942,1.122
1789993407847,-0.599,-0.844,1.052
1789993409848,-0.545,-0.759,1.02
1789993411847,-0.49,-0.661,1.025
1789993413847,-0.43,-0.564,1.019
1789993415847,-0.38,-0.488,1.015
1789993417848,-0.323,-0.385,1.011
1789993420995,-0.305,-0.368,1.005
1789993481027,-0.309,-0.354,1.04
1789993781027,-0.294,-0.33,1.039
1789994081027,-0.293,-0.362,1.039
1789994381027,-0.282,-0.371,1.039
1789994681027,-0.268,-0.336,1.041
1789994981027,-0.266,-0.348,1.039
1789995281027,-0.286,-0.38,1.039
1789995581027,-0.301,-0.366,1.04
1789995881027,-0.26,-0.384,1.038
1789996181029,-0.276,-0.376,1.039
1789996481027,-0.317,-0.395,1.04
1789996781027,-0.31,-0.4,1.04
1789997081028,-0.29,-0.354,1.04
1789997381027,-0.276,-0.341,1.038
1789997390938,-0.277,-0.33,1.039
1789997681027,-0.243,-0.343,1.039
1789997876937,-0.588,-0.841,1.015
1789997878935,-0.736,-1.035,0.714
1789997880936,-0.896,-1.112,0.209
1789997882936,-0.482,-1.126,-0.117
1789997886936,1.176,-1.256,-0.242
1789997884935,0.405,-1.157,-0.033
1789997888935,2.054,-1.612,-0.441
1789997890941,2.888,-2.105,-0.57
1789997892936,3.678,-2.385,0.056
1789997894936,4.354,-2.09,0.729
1789997896935,4.913,-1.326,0.992
1789997898935,5.403,-0.509,1.119
1789997904936,6.401,1.622,1.168
1789997900942,5.695,0.2,1.15
1789997902935,6.047,0.913,1.081
1789997906939,6.697,2.314,1.13
1789997908935,7.025,2.983,1.157
1789997910937,7.28,3.683,1.309
1789997912934,7.441,4.533,1.443
1789997914935,7.527,5.271,1.464
1789997916935,7.574,6.032,1.596
1789997918937,7.419,6.922,1.698
1789997920936,7.311,7.862,1.69
1789997922935,7.133,8.804,1.891
1789997924936,6.784,9.723,1.931
1789997926935,6.467,10.627,1.929
1789997928940,6.127,11.55,1.904
1789997930936,5.791,12.439,2.018
1789997932936,5.276,13.306,2.081
1789997934936,4.824,14.122,2.083
1789997936935,4.248,14.861,2.467
1789997938949,3.419,15.252,2.738
1789997940936,2.538,15.702,2.652
1789997942935,1.74,16.107,2.726
1789997944934,0.981,16.495,2.524
1789997946935,0.307,16.996,2.492
1789997948935,-0.345,17.426,2.511
1789997950937,-0.708,17.653,2.634
1789997952940,-1.229,18.129,1.927
1789997954934,-1.17,18.798,1.333
1789997956935,-1.161,18.887,1.257
1789997958935,-1.074,19.059,1.062
1789997960936,-0.805,19.52,1.05
1789997962936,-0.7,19.705,1.283
1789997964935,-0.692,19.712,1.279
1789997966938,-0.712,19.688,1.246
1789997968935,-0.805,19.491,1.003
1789997970937,-0.921,19.365,0.712
1789997972936,-0.763,19.619,1.274
1789997974936,-0.675,20.034,1.392
1789997976935,-0.552,20.576,1.299
1789997978934,-0.341,21.098,0.921
1789997980936,0.106,21.399,0.461
1789997982935,0.769,21.702,0.434
1789997984935,1.455,22.03,0.474
1789997986941,2.111,22.376,0.513
1789997988937,2.52,22.882,1.489
1789997990936,2.289,23.415,2.5
1789997992935,1.822,23.423,-2.696
1789997994936,1.355,23.092,-2.516
1789997996935,0.862,22.685,-2.44
1789997998948,0.247,22.212,-2.512
1789998000936,-0.392,21.805,-2.597
1789998002937,-0.95,21.448,-2.63
1789998004941,-1.508,21.208,-2.873
1789998006939,-2.159,21.103,-2.954
1789998008944,-2.843,20.959,-2.909
1789998010951,-3.623,20.775,-2.959
1789998012935,-4.328,20.518,-2.564
1789998014943,-4.798,20.086,-2.393
1789998016944,-5.208,19.689,-2.348
1789998018944,-5.61,19.309,-2.358
1789998020940,-6.027,18.896,-2.394
1789998022938,-6.574,18.458,-2.499
1789998024935,-7.038,18.102,-2.477
1789998026935,-7.482,17.753,-2.531
1789998028942,-7.979,17.478,-2.695
1789998030944,-8.552,17.205,-2.687
1789998032950,-9.098,16.925,-2.604
1789998034935,-9.753,16.479,-2.56
1789998036937,-10.385,16.117,-2.607
1789998038953,-10.908,15.582,-1.942
1789998040936,-10.938,15.039,-1.326
1789998042947,-10.737,14.538,-1.18
1789998044935,-10.503,14.026,-1.162
1789998046951,-10.285,13.493,-1.205
1789998048934,-10.056,12.916,-1.207
1789998050937,-9.831,12.25,-1.289
1789998052935,-9.601,11.518,-1.237
1789998054936,-9.295,10.851,-0.945
1789998056935,-8.843,10.413,-0.619
1789998058935,-8.165,10.072,-0.436
1789998060938,-7.411,9.825,-0.104
1789998062936,-6.668,10.073,0.769
1789998064935,-6.158,10.856,1.067
1789998066939,-5.666,11.73,1.011
1789998068935,-5.145,12.554,1.066
1789998070937,-4.656,13.4,0.972
1789998072936,-4.058,14.096,0.783
1789998074936,-3.402,14.71,0.787
1789998076935,-2.86,15.383,0.958
1789998078936,-2.446,16.032,0.982
1789998080937,-1.98,16.703,0.977
1789998082936,-1.489,17.413,1.016
1789998084938,-1.084,18.095,1.137
1789998086937,-0.857,18.748,1.228
1789998088935,-0.676,19.492,1.429
1789998090942,-0.61,20.07,1.503
1789998092934,-0.538,20.593,1.369
1789998094939,-0.324,21.139,0.858
1789998096938,-0.247,21.226,0.752
1789998098938,0.173,21.608,0.682
1789998100937,0.778,21.976,0.57
1789998102935,1.542,22.454,0.527
1789998104936,2.175,22.827,0.614
1789998106935,2.26,22.848,0.951
1789998108935,2.231,22.719,1.437
1789998110935,2.075,23.055,2.528
1789998112935,1.667,23.044,-2.507
1789998114935,1.13,22.478,-2.388
1789998116934,0.531,22.033,-2.576
1789998118935,-0.132,21.618,-2.588
1789998120936,-0.798,21.158,-2.593
1789998122935,-1.642,20.824,-2.895
1789998124936,-2.585,20.648,-2.937
1789998126935,-3.477,20.447,-2.903
1789998128936,-4.147,20.175,-2.569
1789998130948,-4.717,19.657,-2.366
1789998132936,-5.291,19.119,-2.391
1789998134937,-5.846,18.612,-2.374
1789998136935,-6.473,18.086,-2.487
1789998138938,-7.083,17.642,-2.502
1789998140936,-7.769,17.174,-2.656
1789998142939,-8.568,16.804,-2.658
1789998144935,-9.375,16.308,-2.585
1789998146936,-10.092,15.867,-2.576
1789998148935,-10.613,15.293,-1.82
1789998150943,-10.465,14.628,-1.177
1789998152935,-10.129,13.982,-1.127
1789998154935,-9.807,13.258,-1.187
1789998156935,-9.577,12.57,-1.293
1789998158935,-9.34,11.81,-1.236
1789998160937,-9.026,11.108,-0.973
1789998162935,-8.454,10.576,-0.567
1789998164935,-7.753,10.231,-0.282
1789998166935,-6.899,10.36,0.689
1789998168936,-6.394,11.133,1.065
1789998170940,-5.906,11.997,0.99
1789998172935,-5.368,12.826,1.06
1789998174935,-4.911,13.644,1.017
1789998176936,-4.309,14.335,0.758
1789998178935,-3.585,15.016,0.786
1789998180936,-3.028,15.757,0.995
1789998182936,-2.498,16.549,0.983
1789998184937,-2.015,17.303,0.983
1789998186935,-1.516,18.027,1.048
1789998188938,-1.185,18.775,1.262
1789998190959,-0.975,19.471,1.232
1789998192936,-0.757,20.169,1.413
1789998194935,-0.582,20.889,1.139
1789998196935,-0.147,21.462,0.688
1789998198936,0.674,21.93,0.525
1789998200942,1.455,22.411,0.518
1789998202935,2.059,22.78,0.873
1789998204935,2.102,22.821,1.125
1789998206935,2.071,22.548,1.912
1789998208937,2.181,22.429,2.479
1789998210939,1.794,22.511,-3.001
1789998212935,1.077,22.18,-2.617
1789998214962,0.405,21.852,-2.701
1789998216938,-0.266,21.464,-2.523
1789998218935,-0.973,20.975,-2.618
1789998220939,-1.741,20.558,-2.64
1789998222937,-2.089,20.414,-2.861
1789998224935,-3.026,20.19,-2.937
1789998226935,-3.831,19.951,-2.646
1789998228935,-4.539,19.401,-2.351
1789998230939,-5.223,18.715,-2.345
1789998232935,-5.881,18.096,-2.459
1789998234936,-6.64,17.535,-2.518
1789998236935,-7.455,16.975,-2.589
1789998238937,-8.328,16.502,-2.665
1789998240937,-9.136,16.05,-2.585
1789998242938,-9.959,15.542,-2.551
1789998244935,-10.227,15.123,-1.529
1789998246934,-9.931,14.354,-1.13
1789998248934,-9.538,13.521,-1.167
1789998250936,-9.245,12.653,-1.294
1789998252937,-8.936,11.748,-1.21
1789998254935,-8.401,10.958,-0.666
1789998256935,-7.53,10.518,-0.189
1789998258939,-7.047,10.741,0.901
1789998260935,-6.544,11.603,1.043
1789998262936,-6.066,12.429,1.015
1789998264935,-5.511,13.276,1.035
1789998266935,-5.029,14.085,0.919
1789998268935,-4.367,14.727,0.73
1789998270942,-3.659,15.452,0.918
1789998272935,-3.148,16.231,0.967
1789998274936,-2.602,17.029,0.993
1789998276938,-2.085,17.815,0.987
1789998278936,-1.654,18.58,1.164
1789998280951,-1.404,19.336,1.223
1789998282935,-1.164,20.011,1.265
1789998284934,-1.245,20.467,2.504
1789998286936,-1.849,20.489,-2.903
1789998288935,-2.711,20.264,-2.899
1789998290947,-3.645,20.039,-2.805
1789998292936,-4.158,19.762,-2.459
1789998294941,-4.016,19.918,-1.968
1789998296936,-4.068,19.761,-1.573
1789998298934,-3.786,19.038,-1.136
1789998300938,-3.4,18.138,-1.151
1789998302935,-3.043,17.362,-1.129
1789998304937,-2.593,16.565,-0.746
1789998306936,-1.863,16.456,0.417
1789998308937,-1.504,17.069,1.674
1789998310947,-1.934,17.826,2.209
1789998312949,-2.425,18.616,2.036
1789998314941,-2.804,19.481,2.0
1789998316936,-3.075,20.102,1.968
1789998318937,-3.605,20.563,-3.127
1789998320951,-3.983,20.263,-1.682
1789998322934,-3.721,19.585,-1.027
1789998324958,-3.247,18.691,-1.146
1789998326945,-2.848,17.81,-1.142
1789998328934,-2.484,17.076,-0.931
1789998330948,-1.74,16.791,0.259
1789998332937,-1.344,17.285,1.358
1789998334946,-1.636,18.102,2.138
1789998336937,-2.148,18.861,2.096
1789998338951,-2.537,19.643,1.934
1789998340946,-2.852,20.431,2.241
1789998342936,-3.411,20.569,-2.62
1789998344937,-3.552,20.057,-1.314
1789998346935,-3.173,19.138,-1.107
1789998348958,-2.702,18.262,-1.062
1789998350938,-2.303,17.481,-0.99
1789998352937,-1.63,17.185,0.137
1789998354934,-1.15,17.553,1.208
1789998356935,-1.313,18.333,2.115
1789998358935,-1.824,19.003,2.139
1789998360940,-2.162,19.722,1.969
1789998362935,-2.308,20.503,1.362
1789998364935,-1.889,20.857,-0.045
1789998366936,-1.406,20.477,-0.93
1789998368936,-1.077,19.857,-1.149
1789998370941,-1.015,19.213,-2.057
1789998372939,-1.431,19.055,2.666
1789998374935,-1.792,19.574,1.94
1789998376937,-2.053,20.105,2.2
1789998378937,-2.295,20.556,1.568
1789998380938,-2.023,20.874,0.132
1789998382937,-1.676,20.578,-1.215
1789998384938,-1.523,19.953,-1.198
1789998386936,-1.465,19.749,-1.139
1789998388937,-1.229,19.511,-0.418
1789998390937,-0.843,19.636,1.031
1789998392939,-0.861,20.044,2.36
1789998394938,-1.352,20.088,-2.698
1789998396935,-2.03,19.754,-2.8
1789998398935,-2.938,19.597,-3.141
1789998400939,-3.86,19.526,-2.899
1789998402936,-4.445,19.277,-2.315
1789998404939,-4.447,19.292,-2.313
1789998406935,-4.451,19.289,-2.315
1789998408935,-4.339,19.387,-2.452
1789998410937,-4.108,19.527,-2.845
1789998412942,-4.226,19.477,-2.624
1789998414936,-4.353,19.404,-2.157
1789998416935,-4.303,19.606,-1.486
1789998418937,-4.245,19.399,-1.244
1789998420939,-3.967,18.596,-1.206
1789998422935,-3.563,17.673,-1.146
1789998424935,-3.199,16.877,-1.111
1789998426935,-2.752,16.063,-1.322
1789998428935,-2.947,15.263,-2.241
1789998430947,-3.42,15.098,2.73
1789998432939,-3.93,15.77,1.977
1789998434936,-4.262,16.638,1.957
1789998436936,-4.645,17.529,1.981
1789998438935,-4.811,17.889,1.96
1789998440937,-4.821,17.916,1.954
1789998442936,-4.844,18.209,1.182
1789998444935,-4.682,18.457,0.754
1789998446935,-4.222,18.767,0.43
1789998448944,-4.463,18.735,-0.183
1789998450936,-4.607,18.827,-0.756
1789998452935,-4.402,18.555,-0.997
1789998454939,-3.971,17.697,-1.146
1789998456936,-3.583,16.805,-1.135
1789998458935,-3.142,16.088,-0.975
1789998460935,-2.999,15.214,-1.895
1789998462937,-3.478,14.785,-3.071
1789998464936,-4.034,15.175,2.124
1789998466937,-4.418,16.034,1.915
1789998468935,-4.78,16.957,1.975
1789998470937,-5.114,17.743,1.978
1789998472935,-5.437,18.318,2.293
1789998474937,-5.68,18.721,1.528
1789998476940,-5.475,19.215,0.942
1789998478935,-5.042,19.44,-0.173
1789998480942,-4.725,19.07,-1.288
1789998482955,-4.594,18.327,-1.303
1789998484936,-4.251,17.428,-1.142
1789998486934,-3.828,16.519,-1.131
1789998488938,-3.427,15.816,-0.983
1789998490937,-3.214,14.938,-1.841
1789998492935,-3.696,14.512,-3.041
1789998494938,-4.283,14.89,2.099
1789998496943,-4.661,15.774,1.93
1789998498935,-5.011,16.676,1.979
1789998500937,-5.374,17.48,2.002
1789998502937,-5.699,18.131,2.183
1789998504937,-6.215,18.38,-2.919
1789998506935,-6.658,17.966,-1.71
1789998508936,-6.376,17.071,-1.142
1789998510936,-5.97,16.221,-1.161
1789998512935,-5.591,15.345,-1.147
1789998514943,-5.243,14.58,-1.17
1789998516935,-4.951,13.657,-1.099
1789998518937,-4.228,13.155,-0.009
1789998520937,-3.78,13.566,1.234
1789998522938,-3.934,14.269,2.305
1789998524935,-4.587,15.001,2.175
1789998526935,-5.046,15.869,1.997
1789998528935,-5.405,16.737,1.982
1789998530937,-5.735,17.477,2.029
1789998532939,-6.158,18.104,2.621
1789998534935,-6.756,18.048,-2.584
1789998536936,-6.956,17.524,-1.362
1789998538935,-6.552,16.655,-1.128
1789998540938,-6.15,15.786,-1.17
1789998542935,-5.76,14.861,-1.155
1789998544935,-5.435,14.098,-1.246
1789998546935,-5.051,13.193,-0.853
1789998548936,-4.249,12.985,0.341
1789998550937,-3.937,13.551,1.688
1789998552934,-4.376,14.273,2.308
1789998554935,-4.982,14.995,2.154
1789998556938,-5.419,15.866,1.978
1789998558939,-5.802,16.792,1.997
1789998560936,-6.137,17.49,2.097
1789998562935,-6.673,17.94,3.064
1789998564935,-7.179,17.734,-2.159
1789998566935,-7.142,17.067,-1.14
1789998568934,-6.703,16.194,-1.151
1789998570937,-6.333,15.319,-1.159
1789998572935,-5.931,14.39,-1.149
1789998574948,-5.574,13.657,-0.997
1789998576936,-5.101,12.826,-1.406
1789998578938,-5.335,12.161,-2.619
1789998580936,-6.081,12.291,2.356
1789998582934,-6.544,13.077,1.963
1789998584937,-6.906,14.001,1.957
1789998586937,-7.296,14.924,1.974
1789998588952,-7.704,15.854,1.998
1789998590936,-8.065,16.578,1.992
1789998592942,-8.073,17.151,0.894
1789998594938,-7.614,17.267,-0.492
1789998596934,-7.262,16.636,-1.225
1789998598936,-6.905,15.717,-1.153
1789998600939,-6.526,14.835,-1.139
1789998602935,-6.107,13.908,-1.13
1789998604944,-5.767,13.255,-0.961
1789998606946,-5.292,12.462,-1.408
1789998608934,-5.553,11.747,-2.649
1789998610948,-6.305,11.935,2.357
1789998612939,-6.776,12.782,1.958
1789998614934,-7.161,13.678,1.971
1789998616950,-7.56,14.64,1.975
1789998618934,-7.97,15.558,1.997
1789998620940,-8.296,16.249,2.066
1789998622935,-8.473,16.874,1.186
1789998624946,-8.083,17.141,-0.129
1789998626946,-7.647,16.682,-1.162
1789998628939,-7.306,15.768,-1.18
1789998630943,-6.919,14.863,-1.149
1789998632935,-6.511,13.958,-1.133
1789998634937,-6.154,13.188,-1.158
1789998636935,-5.684,12.382,-1.163
1789998638935,-5.746,11.543,-2.276
1789998640936,-6.272,11.408,2.743
1789998642935,-6.866,12.132,2.016
1789998644935,-7.235,13.052,1.977
1789998646947,-7.628,13.905,1.992
1789998648935,-8.065,14.851,2.0
1789998650954,-8.409,15.667,1.971
1789998652950,-8.776,16.35,2.334
1789998654935,-9.406,16.521,-2.779
1789998656936,-9.685,16.036,-1.497
1789998658939,-9.349,15.181,-1.118
1789998660959,-8.974,14.407,-1.159
1789998662935,-8.618,13.535,-1.175
1789998664935,-8.226,12.647,-1.138
1789998666936,-7.829,11.774,-1.143
1789998668938,-7.501,11.047,-1.162
1789998670940,-7.143,10.324,-0.877
1789998672935,-6.583,10.067,0.337
1789998674936,-6.302,10.576,1.718
1789998676937,-6.749,11.362,2.139
1789998678935,-7.244,12.247,2.02
1789998680940,-7.647,13.14,2.002
1789998682935,-8.068,14.055,1.998
1789998684934,-8.475,14.955,1.984
1789998686934,-8.83,15.761,1.99
1789998688936,-9.276,16.333,2.79
1789998690937,-9.857,16.225,-2.294
1789998692935,-9.907,15.43,-1.231
1789998694935,-9.469,14.582,-1.105
1789998696935,-9.033,13.782,-1.172
1789998698935,-8.68,12.938,-1.201
1789998700943,-8.329,12.023,-1.17
1789998702936,-8.007,11.224,-1.101
1789998704936,-7.737,10.619,-1.208
1789998706936,-7.698,10.481,-1.547
1789998708934,-7.673,10.62,-1.9
1789998710938,-7.771,10.215,-1.532
1789998712935,-7.799,10.343,-1.183
1789998714936,-7.854,10.477,-1.277
1789998716934,-7.866,10.524,-1.29
1789998718935,-8.013,10.735,-0.54
1789998720942,-7.998,10.724,-0.533
1789998722938,-7.948,10.696,-0.554
1789998724935,-7.96,10.704,-0.552
1789998726936,-8.19,10.834,-0.315
1789998728940,-8.345,10.859,-0.067
1789998730936,-7.992,10.885,0.252
1789998732937,-7.417,11.434,1.316
1789998734934,-7.59,12.278,1.996
1789998736935,-8.01,13.199,2.024
1789998738935,-8.439,14.08,2.017
1789998740937,-8.866,14.966,2.01
1789998742938,-9.185,15.69,1.966
1789998744934,-9.67,16.206,2.972
1789998746935,-10.21,15.973,-2.061
1789998748935,-10.145,15.221,-1.204
1789998750936,-9.745,14.372,-1.136
1789998752944,-9.353,13.513,-1.168
1789998754936,-8.976,12.636,-1.153
1789998756934,-8.587,11.737,-1.157
1789998758935,-8.316,11.16,-1.136
1789998760943,-8.27,11.073,-1.146
1789998762936,-8.285,11.109,-1.096
1789998764937,-8.404,11.227,-0.533
1789998766936,-8.406,11.228,-0.535
1789998768935,-8.408,11.234,-0.535
1789998770938,-8.63,11.326,-0.218
1789998772937,-8.809,11.334,0.134
1789998774939,-8.783,11.329,0.119
1789998776938,-8.118,11.558,0.32
1789998778941,-7.371,11.577,-0.335
1789998780938,-6.76,11.038,-1.019
1789998782935,-6.398,10.336,-1.157
1789998784939,-6.145,9.878,-0.617
1789998786957,-5.935,9.717,-0.466
1789998788935,-5.503,9.807,0.46
1789998790944,-5.361,9.913,0.732
1789998792937,-5.03,10.258,0.628
1789998794937,-4.572,10.513,0.234
1789998796934,-4.147,10.423,-0.369
1789998798935,-3.764,10.112,-0.957
1789998800938,-3.625,9.645,-1.457
1789998802935,-3.736,9.14,-1.898
1789998804937,-4.055,8.455,-2.118
1789998806936,-4.481,8.129,-2.446
1789998808935,-5.062,7.553,-2.303
1789998810936,-5.397,6.98,-2.107
1789998812935,-5.695,6.438,-1.888
1789998814935,-5.571,6.017,-0.553
1789998816935,-5.128,6.1,0.654
1789998818936,-4.619,6.716,0.927
1789998820938,-4.144,7.35,0.886
1789998822935,-3.608,7.916,0.713
1789998824941,-3.05,8.353,0.666
1789998826935,-2.434,8.835,0.694
1789998828938,-1.927,9.289,0.741
1789998830939,-1.376,9.788,0.745
1789998832955,-0.788,10.314,0.806
1789998834935,-0.32,10.87,0.773
1789998836935,0.255,11.374,0.776
1789998838937,0.786,11.889,0.824
1789998840938,1.323,12.473,0.802
1789998842964,1.843,13.01,0.777
1789998844935,2.419,13.552,0.712
1789998846935,3.044,14.022,0.588
1789998848935,3.672,14.386,0.55
1789998850940,4.346,14.825,0.623
1789998852935,4.973,15.245,0.565
1789998854938,5.55,15.761,0.952
1789998856953,5.909,16.417,1.075
1789998858935,6.061,17.111,1.835
1789998860940,5.624,17.686,2.53
1789998862935,4.881,17.96,2.953
1789998864935,4.092,18.08,3.053
1789998866935,3.317,18.123,3.03
1789998868935,2.546,18.171,-3.136
1789998870938,1.729,18.147,-3.133
1789998872935,0.942,18.128,-3.109
1789998874937,0.118,18.078,-3.115
1789998876934,-0.619,18.058,-2.989
1789998878938,-1.386,17.798,-2.696
1789998880937,-2.213,17.283,-2.366
1789998882935,-2.782,16.476,-2.148
1789998884935,-3.327,15.679,-2.198
1789998886934,-3.899,14.856,-2.152
1789998888936,-4.446,14.058,-2.182
1789998890937,-5.003,13.23,-2.173
1789998892935,-5.526,12.424,-2.101
1789998894937,-5.993,11.598,-2.091
1789998896937,-6.373,10.907,-2.06
1789998898935,-6.655,10.195,-1.65
1789998900936,-6.452,9.808,-0.604
1789998902935,-6.064,9.701,0.106
1789998904935,-5.548,9.975,0.522
1789998906939,-5.075,10.269,0.544
1789998908935,-4.63,10.517,0.261
1789998910939,-4.496,10.539,0.015
1789998912947,-4.197,10.463,-0.226
1789998914956,-3.952,10.369,-0.394
1789998916935,-3.508,10.095,-0.755
1789998918934,-3.293,9.519,-1.546
1789998920935,-3.463,8.872,-1.965
1789998922938,-3.827,8.274,-2.162
1789998924954,-4.284,7.734,-2.346
1789998926935,-4.789,7.232,-2.378
1789998928934,-5.264,6.679,-1.968
1789998930936,-5.236,6.369,-0.879
1789998932935,-5.358,6.458,-0.421
1789998934936,-5.462,6.464,-0.044
1789998936935,-5.032,6.717,0.86
1789998938934,-4.441,7.438,0.816
1789998940935,-3.959,7.961,0.763
1789998942953,-3.385,8.496,0.759
1789998944935,-2.863,8.964,0.672
1789998946935,-2.217,9.479,0.704
1789998948936,-1.546,10.077,0.786
1789998950955,-0.966,10.701,0.79
1789998952941,-0.38,11.269,0.766
1789998954945,0.292,11.916,0.819
1789998956937,0.962,12.603,0.772
1789998958953,1.65,13.271,0.804
1789998960936,2.332,13.951,0.698
1789998962937,3.107,14.445,0.56
1789998964935,3.932,14.99,0.558
1789998966935,4.715,15.474,0.597
1789998968934,5.302,16.039,0.951
1789998970937,5.66,16.744,1.339
1789998972963,5.461,17.41,2.515
1789998974934,4.698,17.623,3.014
1789998976935,3.689,17.712,3.063
1789998978935,2.826,17.827,3.077
1789998980937,1.891,17.796,-3.125
1789998982934,0.943,17.773,-3.089
1789998984937,0.057,17.727,-3.14
1789998986938,-0.77,17.681,-2.89
1789998988937,-1.561,17.315,-2.565
1789998990950,-2.225,16.689,-2.219
1789998992935,-2.8,15.871,-2.116
1789998994935,-3.305,15.091,-2.168
1789998996936,-3.862,14.264,-2.189
1789998998935,-4.433,13.443,-2.168
1789999000941,-4.98,12.651,-2.137
1789999002935,-5.422,11.855,-2.086
1789999004937,-5.925,10.99,-2.075
1789999006935,-6.229,10.376,-1.717
1789999008944,-5.99,10.015,-0.398
1789999010939,-5.421,10.189,0.625
1789999012937,-4.991,10.578,0.615
1789999014935,-4.517,10.776,-0.065
1789999016938,-4.028,10.494,-0.593
1789999018934,-3.633,10.175,-0.703
1789999020948,-3.306,9.691,-1.332
1789999022937,-3.377,9.067,-1.887
1789999024935,-3.343,9.173,-1.807
1789999026935,-3.457,9.495,-0.671
1789999028943,-3.387,9.464,-0.323
1789999030936,-2.789,9.611,0.403
1789999032935,-2.303,9.891,0.595
1789999034936,-1.809,10.31,0.759
1789999036936,-1.256,10.869,0.83
1789999038934,-0.667,11.477,0.784
1789999040988,-0.129,11.99,0.801
1789999042938,0.442,12.577,0.791
1789999044943,1.057,13.185,0.781
1789999046935,1.738,13.847,0.794
1789999048935,2.392,14.395,0.661
1789999050939,3.209,14.926,0.553
1789999052935,4.048,15.446,0.582
1789999054935,4.849,16.051,0.808
1789999056937,5.309,16.811,1.445
1789999058935,5.121,17.177,2.707
1789999060937,4.319,17.309,3.038
1789999062938,3.364,17.391,3.018
1789999064936,2.507,17.483,3.132
1789999066935,1.589,17.434,-3.095
1789999068937,0.637,17.409,-3.129
1789999070942,-0.249,17.386,-3.028
1789999072935,-1.005,17.219,-2.753
1789999074934,-1.734,16.715,-2.339
1789999076935,-2.237,16.076,-2.162
1789999078935,-2.644,15.429,-2.135
1789999080936,-3.12,14.74,-2.183
1789999082945,-3.581,14.053,-2.181
1789999084934,-4.067,13.395,-2.176
1789999086935,-4.46,12.75,-2.143
1789999088938,-4.922,12.044,-2.09
1789999090947,-5.353,11.26,-2.099
1789999092934,-5.803,10.466,-2.056
1789999094935,-6.015,10.069,-1.956
1789999096935,-6.038,10.041,-1.824
1789999098939,-6.113,10.351,-0.808
1789999100938,-6.208,10.401,-0.531
1789999102938,-5.662,10.476,0.489
1789999104937,-5.107,10.924,0.688
1789999106935,-4.591,11.114,-0.063
1789999108937,-4.196,10.834,-0.827
1789999110942,-3.882,10.413,-0.819
1789999112935,-3.439,10.198,-0.1
1789999114942,-2.984,10.082,-0.699
1789999116934,-2.781,9.836,-0.645
1789999118935,-2.261,9.916,0.602
1789999120935,-1.631,10.496,0.794
1789999122935,-1.113,11.032,0.807
1789999124934,-0.573,11.558,0.783
1789999126937,-0.644,11.498,0.882
1789999128934,-0.703,11.434,1.22
1789999130935,-0.699,11.929,1.66
1789999132938,-0.75,12.678,1.663
1789999134934,-0.988,13.289,2.229
1789999136935,-1.497,13.71,2.702
1789999138935,-2.162,13.824,-2.766
1789999140938,-2.745,13.431,-2.078
1789999142934,-2.896,13.193,-1.852
1789999144937,-2.95,13.168,-1.785
1789999146946,-2.891,12.699,-1.413
1789999148935,-2.72,12.145,-1.284
1789999150937,-2.692,11.957,-1.106
1789999152935,-2.999,12.123,0.035
1789999154936,-3.148,12.052,0.638
1789999156936,-3.003,12.334,1.403
1789999158935,-2.942,12.689,1.35
1789999160937,-2.809,13.261,1.253
1789999162936,-2.609,13.687,0.658
1789999164936,-2.292,13.766,0.003
1789999166934,-1.819,13.658,-0.286
1789999168935,-1.487,13.449,-0.592
1789999170940,-1.168,13.193,-0.747
1789999172934,-1.061,12.764,-1.786
1789999174935,-1.344,12.322,-2.377
1789999176936,-1.86,12.028,-2.846
1789999178934,-2.335,12.1,2.364
1789999180937,-2.756,12.562,2.271
1789999182939,-2.815,12.634,2.332
1789999184935,-3.163,12.891,2.502
1789999186937,-3.182,12.895,2.477
1789999188942,-3.453,13.376,1.708
1789999190938,-3.371,14.013,1.129
1789999192935,-2.939,14.43,0.19
1789999194935,-2.601,14.361,-0.462
1789999196939,-2.205,14.102,-0.54
1789999198952,-1.569,13.755,-0.485
1789999200938,-1.205,13.53,-0.521
1789999202935,-0.758,13.246,-0.801
1789999204935,-0.748,12.696,-1.982
1789999206938,-1.143,12.13,-2.263
1789999208942,-1.531,11.834,-2.616
1789999210937,-2.27,11.721,2.735
1789999212935,-2.813,12.118,2.281
1789999214936,-2.951,12.622,1.527
1789999216935,-2.914,13.24,1.517
1789999218943,-2.883,13.814,1.24
1789999220937,-2.556,14.226,0.513
1789999222937,-2.243,14.206,-0.481
1789999224939,-2.031,14.014,-0.625
1789999226936,-1.926,13.919,-0.558
1789999228935,-1.51,13.871,0.105
1789999230936,-1.24,13.856,-0.154
1789999232935,-0.71,13.651,-0.476
1789999234934,-0.254,13.307,-0.89
1789999236937,-0.298,12.721,-2.05
1789999238936,-0.726,12.119,-2.243
1789999240952,-1.283,11.554,-2.49
1789999242935,-1.809,11.061,-2.108
1789999244937,-2.157,10.348,-2.103
1789999246934,-2.784,9.821,-2.817
1789999248951,-3.384,9.887,2.304
1789999250956,-3.352,9.833,2.341
1789999252947,-3.425,9.901,2.375
1789999254946,-3.354,9.866,2.551
1789999256946,-3.36,9.865,2.55
1789999258936,-3.554,10.045,2.286
1789999260949,-3.953,10.577,2.15
1789999262935,-4.229,11.008,2.045
1789999264936,-4.261,10.862,1.46
1789999266934,-4.488,10.575,0.453
1789999268935,-4.405,10.621,0.206
1789999270935,-4.042,10.529,-0.611
1789999272934,-3.797,10.246,-1.003
1789999274935,-3.808,10.264,-1.004
1789999276935,-3.447,10.069,-0.031
1789999278935,-3.484,10.059,0.183
1789999280937,-3.745,9.891,1.131
1789999282934,-3.742,9.899,1.377
1789999284936,-3.964,10.478,2.101
1789999286935,-4.288,10.972,2.12
1789999288934,-4.41,11.483,1.423
1789999290941,-4.158,12.025,0.836
1789999292967,-3.737,12.341,0.539
1789999294935,-3.273,12.749,1.047
1789999296934,-3.052,13.304,1.136
1789999298935,-2.679,13.782,0.686
1789999300938,-2.093,14.042,0.28
1789999302936,-1.431,14.016,-0.278
1789999306935,-0.369,13.425,-0.685
1789999308941,-0.225,12.905,-1.867
1789999310938,-0.468,12.507,-2.093
1789999304936,-0.904,13.756,-0.485
1789999312935,-0.659,12.284,-2.384
1789999314942,-1.179,11.767,-2.298
1789999316935,-1.674,11.207,-2.383
1789999318934,-2.291,10.69,-2.605
1789999320937,-2.72,10.497,-2.869
1789999322935,-3.315,10.386,-3.004
1789999324935,-3.714,10.501,2.194
1789999326935,-3.891,11.02,1.62
1789999328938,-3.786,11.59,0.826
1789999330938,-3.438,11.802,0.242
1789999332938,-2.996,11.75,-0.345
1789999334938,-2.668,11.398,-1.164
1789999336935,-2.635,10.899,-1.708
1789999338935,-2.974,10.435,-2.722
1789999340940,-3.277,10.382,3.092
1789999342935,-3.687,10.456,2.743
1789999344935,-4.081,10.826,2.056
1789999346935,-4.228,11.102,1.664
1789999348936,-4.239,11.3,1.302
1789999350936,-4.037,11.672,0.842
1789999352936,-3.596,11.997,0.361
1789999354935,-3.106,12.026,-0.137
1789999356934,-2.671,11.872,-0.536
1789999358942,-2.399,11.446,-1.119
1789999360936,-2.378,10.749,-1.851
1789999362934,-2.871,10.194,-2.697
1789999364935,-3.46,10.127,2.835
1789999366935,-3.796,10.372,2.277
1789999368935,-4.124,11.01,1.645
1789999370937,-4.163,11.016,1.722
1789999372934,-4.219,11.163,2.176
1789999374939,-4.49,11.389,2.884
1789999376937,-4.323,11.406,-2.774
1789999378935,-4.504,11.351,-2.62
1789999380946,-5.005,10.937,-2.349
1789999382936,-5.489,10.446,-2.363
1789999384936,-6.12,10.071,-3.03
1789999386934,-6.617,10.293,2.318
1789999388935,-6.788,10.912,1.162
1789999390946,-6.078,11.414,0.382
1789999392939,-5.234,11.738,0.466
1789999394935,-4.593,12.199,0.613
1789999396936,-4.087,12.569,0.661
1789999398935,-3.639,12.953,0.699
1789999400962,-3.204,13.311,0.634
1789999402934,-2.818,13.566,0.538
1789999404935,-3.122,13.553,-0.322
1789999406935,-3.215,13.637,-0.788
1789999408936,-3.172,13.271,-1.667
1789999410942,-3.491,12.657,-2.246
1789999412937,-3.906,12.195,-2.194
1789999414936,-4.176,11.71,-2.084
1789999416935,-4.593,11.387,-2.735
1789999418935,-5.282,11.386,2.449
1789999420936,-5.476,12.035,1.139
1789999422935,-4.823,12.636,0.559
1789999424938,-4.18,13.085,0.563
1789999426938,-3.693,13.442,0.6
1789999428935,-3.225,13.789,0.653
1789999430938,-2.756,14.172,0.715
1789999432934,-2.219,14.611,0.728
1789999434935,-1.75,15.025,0.737
1789999436957,-1.21,15.506,0.72
1789999438934,-0.794,15.839,0.733
1789999440938,-0.351,16.243,0.726
1789999442937,0.203,16.701,0.728
1789999444935,0.622,17.09,0.769
1789999446934,1.121,17.49,0.655
1789999448935,1.781,17.88,0.345
1789999450943,2.343,17.783,-0.866
1789999452936,2.244,17.188,-2.2
1789999454934,1.628,16.608,-2.428
1789999456935,1.004,16.074,-2.41
1789999458942,0.386,15.494,-2.372
1789999460938,-0.221,14.954,-2.46
1789999462934,-0.773,14.513,-2.444
1789999464935,-1.395,14.079,-2.765
1789999466935,-2.146,14.168,2.43
1789999468946,-2.313,14.285,2.061
1789999470936,-2.326,13.989,1.182
1789999472935,-2.337,14.003,1.0
1789999474936,-1.968,14.441,0.751
1789999476937,-1.474,14.882,0.647
1789999478937,-0.97,15.306,0.658
1789999480939,-0.442,15.706,0.688
1789999482935,0.07,16.165,0.7
1789999484935,0.689,16.642,0.736
1789999486941,1.13,17.077,0.731
1789999488935,1.629,17.511,0.742
1789999490936,2.243,17.932,0.303
1789999492935,2.847,17.797,-0.912
1789999494939,2.716,17.129,-2.189
1789999496935,2.097,16.55,-2.429
1789999498947,1.471,15.999,-2.392
1789999500938,0.834,15.42,-2.445
1789999502941,0.17,14.883,-2.398
1789999504936,-0.357,14.398,-2.409
1789999506935,-0.888,13.887,-2.431
1789999508934,-1.41,13.756,2.692
1789999510963,-1.656,14.138,1.329
1789999512946,-1.316,14.637,0.738
1789999514948,-0.758,15.068,0.619
1789999516937,-0.212,15.461,0.641
1789999518936,0.372,15.947,0.7
1789999520939,0.977,16.459,0.721
1789999522935,1.552,16.988,0.714
1789999524936,2.067,17.428,0.739
1789999526934,2.718,17.884,0.406
1789999528937,3.288,17.817,-0.67
1789999530959,3.273,17.193,-2.126
1789999532934,2.657,16.588,-2.376
1789999534935,2.046,16.052,-2.388
1789999536937,1.419,15.468,-2.439
1789999538939,0.77,14.929,-2.42
1789999540943,0.157,14.378,-2.425
1789999542955,-0.408,13.903,-2.379
1789999544935,-0.799,13.303,-1.786
1789999546959,-0.569,12.882,-0.387
1789999548939,0.09,13.048,0.45
1789999550938,0.652,13.478,0.631
1789999552935,1.301,13.969,0.69
1789999554951,1.964,14.564,0.723
1789999556938,2.684,15.153,0.71
1789999558939,3.381,15.774,0.727
1789999560939,4.153,16.434,0.704
1789999562935,4.709,16.91,0.766
1789999564934,4.67,16.845,1.095
1789999566954,4.655,16.742,1.454
1789999568945,4.449,17.127,2.649
1789999570937,3.631,17.022,-2.622
1789999572936,2.914,16.46,-2.377
1789999574934,2.334,15.846,-2.355
1789999582936,-0.256,13.587,-2.519
1789999576945,1.644,15.226,-2.44
1789999580939,0.341,14.062,-2.409
1789999578939,0.923,14.644,-2.394
1789999584935,-0.774,13.114,-2.047
1789999586934,-0.745,12.524,-0.994
1789999588937,-0.253,12.342,0.079
1789999590939,0.441,12.735,0.674
1789999592940,0.975,13.245,0.727
1789999594935,1.42,13.62,0.801
1789999596936,1.343,13.358,1.767
1789999598939,1.519,13.182,2.659
1789999600936,1.348,13.219,3.108
1789999602934,0.675,13.008,-2.589
1789999604935,0.05,12.533,-2.372
1789999606939,-0.49,12.001,-2.381
1789999608935,-1.052,11.48,-2.386
1789999610938,-1.601,10.966,-2.328
1789999612936,-2.131,10.352,-2.24
1789999614938,-2.053,10.571,-1.709
1789999616935,-2.261,10.89,-0.45
1789999618936,-2.477,10.912,0.283
1789999620937,-2.22,11.069,0.525
1789999622936,-1.663,11.451,0.564
1789999624935,-1.069,11.658,-0.038
1789999626935,-0.707,11.403,-1.322
1789999628937,-0.855,10.832,-2.057
1789999630935,-1.561,10.318,-2.694
1789999632936,-2.247,9.962,-2.53
1789999634936,-2.462,9.804,-2.416
1789999636944,-2.316,9.92,-2.806
1789999638935,-2.138,9.942,2.888
1789999640938,-2.407,10.179,1.877
1789999642934,-2.461,10.286,1.56
1789999644942,-2.466,10.414,1.446
1789999646936,-2.375,11.148,1.553
1789999648934,-2.573,11.9,2.231
1789999650936,-3.147,12.283,2.885
1789999652935,-3.797,12.276,-2.79
1789999654938,-4.098,12.142,-2.449
1789999656935,-4.524,11.725,-2.358
1789999658934,-5.019,11.252,-2.434
1789999660939,-5.394,10.914,-2.446
1789999662935,-5.528,10.826,-2.675
1789999664935,-6.167,10.65,-2.74
1789999666935,-6.366,10.204,-1.412
1789999668935,-5.977,9.762,-0.236
1789999670936,-5.44,9.998,0.986
1789999672935,-5.3,10.631,1.503
1789999674935,-5.144,11.477,1.284
1789999676936,-4.854,12.25,1.164
1789999678935,-4.387,13.065,0.934
1789999680940,-4.025,13.523,0.808
1789999682935,-3.734,13.79,0.709
1789999684935,-3.212,14.229,0.742
1789999686937,-2.713,14.684,0.713
1789999688935,-2.252,15.087,0.663
1789999690936,-1.735,15.488,0.732
1789999692937,-1.212,15.953,0.734
1789999694936,-0.735,16.402,0.719
1789999696936,-0.218,16.801,0.695
1789999698955,0.252,17.284,1.063
1789999704939,-0.951,17.258,-2.297
1789999702935,-0.423,17.756,-2.5
1789999700940,0.159,17.752,2.469
1789999706935,-1.535,16.636,-2.365
1789999708936,-2.08,16.186,-2.57
1789999710940,-2.692,16.156,2.885
1789999712935,-3.638,16.075,-2.474
1789999714935,-3.955,15.253,-1.299
1789999716934,-3.402,14.923,-0.002
1789999718935,-2.682,15.251,0.563
1789999720936,-2.136,15.664,0.678
1789999722935,-1.67,16.059,0.664
1789999724935,-1.122,16.489,0.746
1789999726936,-0.698,16.882,0.726
1789999728935,-0.367,17.166,0.702
1789999730939,-0.314,17.212,0.739
1789999732943,-0.12,17.368,0.877
1789999734935,-0.173,17.278,1.055
1789999736938,-0.127,17.615,1.961
1789999738934,-0.566,17.892,-2.928
1789999740938,-0.882,17.545,-1.57
1789999742936,-0.65,17.149,-0.596
1789999744935,-0.081,16.942,-0.395
1789999746935,0.463,16.669,-0.572
1789999748935,1.003,16.236,-0.783
1789999750944,1.456,15.663,-0.925
1789999752935,1.805,15.007,-1.307
1789999754937,1.819,14.835,-1.765
1789999756938,1.91,15.014,-2.438
1789999758942,1.498,14.628,-2.436
1789999760937,0.792,14.044,-2.386
1789999762936,0.251,13.538,-2.399
1789999764935,-0.311,13.044,-2.387
1789999766935,-0.234,13.167,-2.064
1789999768936,-0.305,13.547,-0.827
1789999770941,-0.378,13.593,-0.552
1789999772937,0.16,13.657,0.358
1789999774935,0.817,14.049,0.602
1789999776935,1.51,14.595,0.726
1789999778935,2.179,15.181,0.722
1789999780936,2.837,15.774,0.745
1789999782936,3.565,16.391,0.717
1789999784934,4.189,16.926,0.766
1789999786937,4.699,17.535,0.729
1789999788938,5.311,17.623,-0.597
1789999790937,5.429,17.158,-2.021
1789999792935,4.804,16.548,-2.461
1789999794935,4.027,15.924,-2.416
1789999796941,3.303,15.289,-2.416
1789999798937,2.724,14.766,-2.423
1789999800942,2.777,14.846,-2.082
1789999802936,2.725,15.209,-0.894
1789999804935,2.687,15.23,-0.602
1789999806935,3.345,15.185,0.191
1789999808935,4.205,15.573,0.615
1789999810937,4.839,16.105,0.764
1789999813183,5.016,16.266,0.74
1789999815346,5.035,16.296,0.74
1789999817345,5.422,16.481,0.393
1789999819345,5.831,16.896,1.563
1789999821345,5.596,17.219,2.986
1789999823345,5.165,16.962,-2.13
1789999825344,4.78,16.109,-2.094
1789999827344,4.322,15.286,-1.724
1789999829344,4.551,14.401,-1.078
1789999831347,5.07,13.603,-0.989
1789999833345,5.557,12.781,-1.043
1789999835349,5.982,11.99,-1.181
1789999837344,6.296,11.075,-1.231
1789999839345,6.623,10.173,-1.23
1789999841347,6.938,9.311,-1.244
1789999843345,7.206,8.373,-1.296
1789999845345,7.412,7.6,-1.46
1789999847344,7.466,6.823,-1.499
1789999849344,7.517,6.012,-1.487
1789999851344,7.514,5.145,-1.641
1789999853345,7.343,4.261,-1.727
1789999855344,7.209,3.507,-1.835
1789999857344,6.988,2.858,-1.989
1789999859344,6.666,2.229,-2.022
1789999861344,6.379,1.583,-2.021
1789999863363,6.053,0.985,-2.018
1789999865346,5.651,0.123,-2.018
1789999867344,5.239,-0.765,-2.03
1789999869345,4.726,-1.587,-2.203
1789999871357,4.042,-2.318,-2.518
1789999873351,3.165,-2.612,-3.056
1789999875344,2.169,-2.608,3.047
1789999877344,1.242,-2.397,2.783
1789999879352,0.354,-1.971,2.656
1789999881366,-0.459,-1.493,2.477
1789999883368,-0.794,-1.159,1.98
1789999885344,-0.783,-1.39,1.217
1789999887344,-0.807,-1.409,1.125
1789999889344,-0.788,-1.376,1.15
1789999891344,-0.676,-1.04,1.243
1789999893344,-0.643,-0.939,1.155
1789999895344,-0.598,-0.842,1.065
1789999897344,-0.548,-0.76,1.035
1789999899345,-0.486,-0.665,1.043
1789999901345,-0.434,-0.579,1.03
1789999903345,-0.374,-0.494,1.017
1789999905345,-0.309,-0.386,1.015
1789999907522,-0.299,-0.373,1.011
1790000027627,-0.311,-0.369,1.04
1790000327630,-0.294,-0.353,1.039
1790000627627,-0.295,-0.346,1.04
1790000927627,-0.319,-0.309,1.04
1790001227627,-0.362,-0.389,1.039
1790001419616,-0.357,-0.383,1.038
1790001527627,-0.361,-0.343,1.04
1790001827627,-0.302,-0.303,1.04
1790002127627,-0.282,-0.341,1.039
1790002427627,-0.279,-0.406,1.039
1790002727627,-0.308,-0.366,1.04
1790003027627,-0.326,-0.364,1.039
1790003327627,-0.328,-0.394,1.039
